category,sub_category,barcode,name,unit,price,tax,brand,description
FRAGRANCE,,80021360,CYCLE BRAND - AGARBAT1XEACH PACK,item,0.5,20.0,,CYCLE BRAND - AGARBAT1XEACH PACK
CANNED FOODS,Vegitables,UFS340,JOSH-BOILED CHICK PEAS WHITE 6X2.5KG,kg,18.49,0.0,,JOSH-BOILED CHICK PEAS WHITE 6X2.5KG
CANNED FOODS,Vegitables,UFS77,CHOPPED TOMATOES 6X2.5KG,kg,17.99,0.0,,CHOPPED TOMATOES 6X2.5KG
CANNED FOODS,Vegitables,UFS387,PLUM TOMATOES( PEELED TOMATOES) 6X2.5 Brand might change,kg,18.25,0.0,,PLUM TOMATOES( PEELED TOMATOES) 6X2.5 Brand might change
CANNED FOODS,Vegitables,UFS7094,TRS-CANNED BLACK EYE BEANS 12XUFS7094,item,7.7,0.0,,TRS-CANNED BLACK EYE BEANS 12XUFS7094
CANNED FOODS,Vegitables,UFS7129,TRS CANNED CHICK PEAS 12X400G,item,7.8,0.0,,TRS CANNED CHICK PEAS 12X400G
CANNED FOODS,Vegitables,8002338,CHAOKOH COCONUT MILK 6X2900MUFS399,item,49.49,0.0,,CHAOKOH COCONUT MILK 6X2900MUFS399
CANNED FOODS,Vegitables,8002450,TRS-RED KIDNEY BEANS 12X400G,g,8.75,0.0,,TRS-RED KIDNEY BEANS 12X400G
CANNED FOODS,Vegitables,8002465,TS- BLAK BEANS 12X400g,g,8.59,0.0,,TS- BLAK BEANS 12X400g
CANNED FOODS,Vegitables,8002494,CHOPPED TOMATO TINS 400GX12,g,8.89,0.0,,CHOPPED TOMATO TINS 400GX12
CANNED FOODS,Vegitables,8002500,WHITE KIDNEY BEANS 12X397G,g,8.99,0.0,,WHITE KIDNEY BEANS 12X397G
CANNED FOODS,Vegitables,8002609,PEELED PLUM TOMATOES (ITALIAN) 12X400GM,g,8.49,0.0,,PEELED PLUM TOMATOES (ITALIAN) 12X400GM
CANNED FOODS,Vegitables,8002649,JOSH - PLUM PEELED TOMATO 1X2JOSH BRAND,kg,3.75,0.0,,JOSH - PLUM PEELED TOMATO 1X2JOSH BRAND
CANNED FOODS,Vegitables,80021470,TS-BUTTER BEANS 12X400G,g,9.2,0.0,,TS-BUTTER BEANS 12X400G
CANNED FOODS,Vegitables,80021479,TS-RED KIDNEY BEANS 6X2.5KG,kg,26.6,0.0,,TS-RED KIDNEY BEANS 6X2.5KG
CANNED FOODS,Vegitables,80021480,GARDEN PEAS ( LOCAL LIVING ) 12X560G,g,13.27,0.0,,GARDEN PEAS ( LOCAL LIVING ) 12X560G
CANNED FOODS,Vegitables,80021490,CHOPPED TOMATO 1X2.5KG,kg,3.65,0.0,,CHOPPED TOMATO 1X2.5KG
CANNED FOODS,Fruits,UFS335,CIRIO SWEETCORN 6X2.1KG,kg,34.99,0.0,,CIRIO SWEETCORN 6X2.1KG
CANNED FOODS,Fruits,UFS50,TS-BREADFRUIT 24X540G,g,43.99,0.0,,TS-BREADFRUIT 24X540G
CANNED FOODS,Fruits,8002490,TRS- MANGO PULP ( KESAR ) 6X850G,g,15.49,0.0,,TRS- MANGO PULP ( KESAR ) 6X850G
CANNED FOODS,Fruits,8002505,MANGO SLICE 6X850G,g,26.99,0.0,,MANGO SLICE 6X850G
CANNED FOODS,Fruits,8002657,PINEAPPLE PIECES 1X3KG,kg,7.29,0.0,,PINEAPPLE PIECES 1X3KG
CANNED FOODS,Fruits,8002849,HEERA -MANGO PULP ( KESAR ) 6X850G,g,14.89,0.0,,HEERA -MANGO PULP ( KESAR ) 6X850G
CANNED FOODS,Fruits,80021478,LYCHEES IN SYRUP 24X567G,g,43.99,0.0,,LYCHEES IN SYRUP 24X567G
CANNED FOODS,Others,UFS225,TRS- GREEN JACKFRUIT TIN 12X565G,g,15.0,0.0,,TRS- GREEN JACKFRUIT TIN 12X565G
CANNED FOODS,Others,UFS244,CONDENSED MILK 12X397G TROPICAL SUN,g,18.98,0.0,,CONDENSED MILK 12X397G TROPICAL SUN
CANNED FOODS,Others,UFS367,HEERA -MANGO PULP( KESAR) 6X850G,g,14.49,0.0,,HEERA -MANGO PULP( KESAR) 6X850G
CANNED FOODS,Others,UFS67,TOMATO PAST 6X800G,g,16.6,0.0,,TOMATO PAST 6X800G
CANNED FOODS,Others,ufst,product ooq,g,45.0,20.0,,product ooq
CANNED FOODS,Others,8002372,CHAOKOH COCONUT MILK 6X 400ml,g,11.99,0.0,,CHAOKOH COCONUT MILK 6X 400ml
CANNED FOODS,Others,8002455,PATAK-TIKKA PASTE 1X2.3KG,kg,13.89,0.0,,PATAK-TIKKA PASTE 1X2.3KG
CANNED FOODS,Others,8002456,PATAK-TANDOORI MASALA 1X2.3KG,kg,13.99,0.0,,PATAK-TANDOORI MASALA 1X2.3KG
CANNED FOODS,Others,8002457,COLMAN ENGLISH MUSTARD 1X2.15Ltr,kg,14.39,0.0,,COLMAN ENGLISH MUSTARD 1X2.15Ltr
CANNED FOODS,Others,8002489,PEGASUS TOMATO PASTE 1X4.5KG,kg,10.43,0.0,,PEGASUS TOMATO PASTE 1X4.5KG
CANNED FOODS,Others,8002528,TOMATO PASTE 12x800G,BOX,26.49,0.0,,TOMATO PASTE 12x800G
CANNED FOODS,Others,8002542,TROPICAL SUN CHICKEN CUBES 12X8'S,NOS,13.5,0.0,,TROPICAL SUN CHICKEN CUBES 12X8'S
CANNED FOODS,Others,8002551,H-BOY- SWEET CHILLI SAUCE 1X2390g,g,8.99,0.0,,H-BOY- SWEET CHILLI SAUCE 1X2390g
CANNED FOODS,Others,8002562,ZAFRON -MAYONAISE1X5L,kg,11.49,0.0,,ZAFRON -MAYONAISE1X5L
CANNED FOODS,Others,8002563,KITHUL TREACLE 1X75OML,g,4.75,0.0,,KITHUL TREACLE 1X75OML
CANNED FOODS,Others,8002584,TUNA CHUNKS IN BRINE 1X1.7KG,kg,13.89,0.0,,TUNA CHUNKS IN BRINE 1X1.7KG
CANNED FOODS,Others,8002594,MR NAGA CHILLI PASTE - 1X190 G,g,2.25,0.0,,MR NAGA CHILLI PASTE - 1X190 G
CANNED FOODS,Others,8002602,GULAB JAMUN1X200EACH ( BUCKET ) pre order only ( please contact,Unnos,128.99,0.0,,GULAB JAMUN1X200EACH ( BUCKET ) pre order only ( please contact
CANNED FOODS,Others,8002772,PATAK-BALTI PASTE 1X2.3KG,kg,13.49,0.0,,PATAK-BALTI PASTE 1X2.3KG
CANNED FOODS,Others,8002839,TOMATO PAST1X800G,g,2.99,0.0,,TOMATO PAST1X800G
CANNED FOODS,Others,8002887,LAZZIZA- GULAB JAMUN MIX 6X80GM,g,12.85,0.0,,LAZZIZA- GULAB JAMUN MIX 6X80GM
CANNED FOODS,Others,8002912,RAINBOW EVAPORATED MILK (cardamom ) 48x170g,g,37.85,0.0,,RAINBOW EVAPORATED MILK (cardamom ) 48x170g
CANNED FOODS,Others,8002913,RAINBOW EVAPORATED MILK (cardamom ) 48x170g,ml,0.89,0.0,,RAINBOW EVAPORATED MILK (cardamom ) 48x170g
CANNED FOODS,Others,80021492,MEA POLY SWEET CHILLI SAUCE 6X750ML,ml,18.97,0.0,,MEA POLY SWEET CHILLI SAUCE 6X750ML
CANNED FOODS,Others,80021504,COLMANS - ENGLISH MUSTARD 1X2.25LTR,ml,19.46,0.0,,COLMANS - ENGLISH MUSTARD 1X2.25LTR
CANNED FOODS,Others,80021535,TIGER-THAI SWEET CHILLI SAUCE 1X2950ML,ml,6.99,1.0,,TIGER-THAI SWEET CHILLI SAUCE 1X2950ML
CHARCOAL,& FLAMES,8002864,BIG K-CHARCOAL1X15KG,kg,23.99,5.0,,BIG K-CHARCOAL1X15KG
CHARCOAL,& FLAMES,8002922,BIG-K CHARCOAL BRIQUETTE 1X5KG,kg,5.1,5.0,,BIG-K CHARCOAL BRIQUETTE 1X5KG
CHOCOLATES,,80021361,QUALITY STREET TUB1X550G,g,5.2,20.0,,QUALITY STREET TUB1X550G
CLEANING PRODUCT,,8002369,HEAVY DUTY CLEANER DEGRASER 1X5LTR,kg,4.99,20.0,,HEAVY DUTY CLEANER DEGRASER 1X5LTR
CLEANING PRODUCT,,8002370,FLASH ALL PURP LEMON 2X 5L,kg,24.25,20.0,,FLASH ALL PURP LEMON 2X 5L
CLEANING PRODUCT,,8002383,DEEPIO POWDER 1X5.5KG,kg,16.99,20.0,,DEEPIO POWDER 1X5.5KG
CLEANING PRODUCT,,8002384,CLEANUX THICK BLEACH 4X5L,kg,13.49,20.0,,CLEANUX THICK BLEACH 4X5L
CLEANING PRODUCT,,8002385,CLEANUX THICK BLEACH 1X5L,kg,4.49,20.0,,CLEANUX THICK BLEACH 1X5L
CLEANING PRODUCT,,8002389,GREEN SCOURING WASGING PAD 1X10s,NOS,2.75,20.0,,GREEN SCOURING WASGING PAD 1X10s
CLEANING PRODUCT,,8002396,COCO-BROOM HEAD 1X EACH,NOS,3.45,20.0,,COCO-BROOM HEAD 1X EACH
CLEANING PRODUCT,,8002397,FEATHER SOFT TOILET\/ROLLS12X4SX1EACH,ROL,12.99,20.0,,FEATHER SOFT TOILET\/ROLLS12X4SX1EACH
CLEANING PRODUCT,,8002398,DUCK PINE FRESH FORREST TOILET CEANER 8X750ML,g,12.39,20.0,,DUCK PINE FRESH FORREST TOILET CEANER 8X750ML
CLEANING PRODUCT,,8002399,CLEANUX -LIQUID HAND SOAP PEACH AND PAPAYA 1X5L,NOS,4.89,20.0,,CLEANUX -LIQUID HAND SOAP PEACH AND PAPAYA 1X5L
CLEANING PRODUCT,,8002400,CLEANUX LEMON FLOOR GEL 1X5L,NOS,5.6,20.0,,CLEANUX LEMON FLOOR GEL 1X5L
CLEANING PRODUCT,,8002401,DETTOL SURFACE CLEANSER 6X1LTR,BOX,25.89,20.0,,DETTOL SURFACE CLEANSER 6X1LTR
CLEANING PRODUCT,,8002405,FLASH SPRAY BLEACH10X500ML,BOX,20.5,20.0,,FLASH SPRAY BLEACH10X500ML
CLEANING PRODUCT,,8002424,CLEANUX WASHING UP LIQUID 1X5L,NOS,4.49,20.0,,CLEANUX WASHING UP LIQUID 1X5L
CLEANING PRODUCT,,8002425,CLEANUX WASHING UP LIQUID 4X5L,item,13.99,20.0,,CLEANUX WASHING UP LIQUID 4X5L
CLEANING PRODUCT,,8002426,DEEPIO DEGREASER SPRAY 6X750ML,BOX,18.99,20.0,,DEEPIO DEGREASER SPRAY 6X750ML
CLEANING PRODUCT,,8002428,PREEMA SPONGE 1X6S,NOS,4.1,20.0,,PREEMA SPONGE 1X6S
CLEANING PRODUCT,,8002429,BIG OVEN CLEANER 6X300ml,BOX,11.99,20.0,,BIG OVEN CLEANER 6X300ml
CLEANING PRODUCT,,8002436,PANDA CUDDLET TOILE ROLL WHITE 9ROLLSX5PKT,ROL,9.99,20.0,,PANDA CUDDLET TOILE ROLL WHITE 9ROLLSX5PKT
CLEANING PRODUCT,,8002458,RM-PEDAL BIN LINERS (BIN BAG)10X100S,ROL,13.59,20.0,,RM-PEDAL BIN LINERS (BIN BAG)10X100S
CLEANING PRODUCT,,8002461,CAUSTIC SODA 6X500G,g,18.99,20.0,,CAUSTIC SODA 6X500G
CLEANING PRODUCT,,8002545,NILCO-ANTI BACTERIAL CLEANER 1x1L,nos,5.75,20.0,,NILCO-ANTI BACTERIAL CLEANER 1x1L
CLEANING PRODUCT,,8002596,WATERPROOF APRON 1XEACH,NOS,5.3,20.0,,WATERPROOF APRON 1XEACH
CLEANING PRODUCT,,8002597,CHEF APRON ( CLOTH) 1X1EACH,NOS,5.3,20.0,,CHEF APRON ( CLOTH) 1X1EACH
CLEANING PRODUCT,,8002647,COCO-BROOM HEADS SOFT 11 IN 1X1EACH,NOS,3.55,20.0,,COCO-BROOM HEADS SOFT 11 IN 1X1EACH
CLEANING PRODUCT,,8002684,PALOMA 2PLY WHITE NAPKINS (TISSUE)40X40CM BOX ( 10X50s),NOS,12.69,20.0,,PALOMA 2PLY WHITE NAPKINS (TISSUE)40X40CM BOX ( 10X50s)
CLEANING PRODUCT,,8002755,CAUSTIC SODA 1X500G,g,3.2,20.0,,CAUSTIC SODA 1X500G
CLEANING PRODUCT,,8002794,NILCO- WASHROOM & BATHROOM CLEANER 6X1LTR,BOX,20.49,20.0,,NILCO- WASHROOM & BATHROOM CLEANER 6X1LTR
CLEANING PRODUCT,,8002811,ALL PURPOSE CLOTH ( BLUE ) 1X50S,NOS,6.75,20.0,,ALL PURPOSE CLOTH ( BLUE ) 1X50S
CLEANING PRODUCT,,8002812,MOB CAPS ( DISPOSABLE HAIR NET BLUE ) 1X100S,NOS,7.85,20.0,,MOB CAPS ( DISPOSABLE HAIR NET BLUE ) 1X100S
CLEANING PRODUCT,,8002826,JUMBO MOP HEAD 1X10s 18PY,nos,16.89,20.0,,JUMBO MOP HEAD 1X10s 18PY
CLEANING PRODUCT,,8002835,CAUSTIC SODA 1X5KG,kg,18.99,20.0,,CAUSTIC SODA 1X5KG
CLEANING PRODUCT,,8002847,NILCO HEAVY DUTY CLEANER DEGREASER 1X1LTR,ml,3.85,20.0,,NILCO HEAVY DUTY CLEANER DEGREASER 1X1LTR
CLEANING PRODUCT,,8002850,PLASTIC MOP BUCKET & WRINGER 13LTR 1X1EACH,nos,5.49,20.0,,PLASTIC MOP BUCKET & WRINGER 13LTR 1X1EACH
CLEANING PRODUCT,,8002851,DLUX DUSTPAN & BRUSH SET 1X1EACH,nos,2.1,20.0,,DLUX DUSTPAN & BRUSH SET 1X1EACH
CLEANING PRODUCT,,8002862,COCO-BROOM HEAD ( MEDIUM ) 1 X EACH,NOS,3.45,20.0,,COCO-BROOM HEAD ( MEDIUM ) 1 X EACH
CLEANING PRODUCT,,8002891,KP- 12 INCH CREAM SYNTHETIC BROOM HEAD1X1EACH,NOS,4.35,20.0,,KP- 12 INCH CREAM SYNTHETIC BROOM HEAD1X1EACH
CLEANING PRODUCT,,8002901,CLEANUX -FAST DRYING ANTIBACTERIAL CLEANER SPRY 1X1LTR,NOS,2.75,20.0,,CLEANUX -FAST DRYING ANTIBACTERIAL CLEANER SPRY 1X1LTR
CLEANING PRODUCT,,8002902,CLEANUX -FAST DRYING ANTIBACTERIAL CLEANER SPRY 6X1LTR,NOS,15.99,20.0,,CLEANUX -FAST DRYING ANTIBACTERIAL CLEANER SPRY 6X1LTR
CLEANING PRODUCT,,8002903,STEEL WOOL 1X10S 48G,PKT,4.99,20.0,,STEEL WOOL 1X10S 48G
CLEANING PRODUCT,,8002904,DISPOSABLE GLOVE(L) POWDER FREE 1X100S (BLUE),PKT,3.85,20.0,,DISPOSABLE GLOVE(L) POWDER FREE 1X100S (BLUE)
CLEANING PRODUCT,,8002905,DISPOSABLE GLOVE(M) POWDER FREE 1X100S (BLUE),PKT,3.85,20.0,,DISPOSABLE GLOVE(M) POWDER FREE 1X100S (BLUE)
CLEANING PRODUCT,,8002908,CLEANUX HARD SURFACE CLEANER ( SANITIZER )1X5LRT,DRM,5.65,20.0,,CLEANUX HARD SURFACE CLEANER ( SANITIZER )1X5LRT
CLEANING PRODUCT,,8002911,JUMBO BLACK COMPACTOR BIN BAG '' OTTO ''PACK (22.5X34X47) 1X100S,nos,14.99,20.0,,JUMBO BLACK COMPACTOR BIN BAG '' OTTO ''PACK (22.5X34X47) 1X100S
CLEANING PRODUCT,,80021357,WOODEN MOP AND BRUSH STICK 1X1EACH,NOS,1.1,20.0,,WOODEN MOP AND BRUSH STICK 1X1EACH
CLEANING PRODUCT,,80021416,CRYSTALE -EASY POUR DISHWASHER SALT 1X2KG,kg,3.5,20.0,,CRYSTALE -EASY POUR DISHWASHER SALT 1X2KG
CLEANING PRODUCT,,80021497,DETTOL SURFACE CLEANSER 4X750ML,ml,9.99,20.0,,DETTOL SURFACE CLEANSER 4X750ML
CLEANING PRODUCT,,80021545,HARPIC ACTIVE FRESH PINE 12 X 750ML,ml,18.08,20.0,,HARPIC ACTIVE FRESH PINE 12 X 750ML
CLEANING PRODUCT,,80021546,HARPIC ACTIVE FRESH PINE 1X 750ML,ml,1.89,20.0,,HARPIC ACTIVE FRESH PINE 1X 750ML
CLEANING PRODUCT,,80021559,ELBOW GREASE ORGINAL SPRY 12X1LTR,ml,22.89,20.0,,ELBOW GREASE ORGINAL SPRY 12X1LTR
CUSTARDS AND PUDDING MIX,,8002846,GITS-KHAMAN DHOKLA 1X100G,g,1.65,0.0,,GITS-KHAMAN DHOKLA 1X100G
CUSTARDS AND PUDDING MIX,,8002945,GULAB JAMUN1X100EACH ( BUCKET ),nos,65.0,0.0,,GULAB JAMUN1X100EACH ( BUCKET )
CUSTARDS AND PUDDING MIX,,80021506,LAZIZA KHEER MIX ECONOMY 4 X 310G,g,0.0,0.0,,LAZIZA KHEER MIX ECONOMY 4 X 310G
DAIRY GHEE,,80021028,KTC- PURE BUTTER GHEE1X2KG,kg,19.89,0.0,,KTC- PURE BUTTER GHEE1X2KG
DAIRY GHEE,,80021425,MAGGI COCONUT MILK POWDER 12X1KG,kg,132.0,0.0,,MAGGI COCONUT MILK POWDER 12X1KG
DAIRY GHEE,,80021448,KTC-PURE BUTTER GHEE4X2KG,kg,77.92,0.0,,KTC-PURE BUTTER GHEE4X2KG
DAIRY GHEE,,80021483,LAILA- PURE BUTTER GHEE 1X2KG,kg,18.99,0.0,,LAILA- PURE BUTTER GHEE 1X2KG
DAIRY GHEE,,80021484,LAILA - PURE BUTTER GHEE 6X2KG,kg,111.49,0.0,,LAILA - PURE BUTTER GHEE 6X2KG
DAIRY GHEE,,80021531,KHANUM BUTTER GHEE1X2KG,g,18.99,0.0,,KHANUM BUTTER GHEE1X2KG
DAIRY YOGURT,,80021550,HENNA NATURAL YOGURT 1X5Ltr,kg,8.43,0.0,,HENNA NATURAL YOGURT 1X5Ltr
DALS,,80021515,VVR-TOOR DAL 1X1KG,kg,2.89,0.0,,VVR-TOOR DAL 1X1KG
DALS,,80021517,VVR-DARIA DAL 1X400G,g,1.35,0.0,,VVR-DARIA DAL 1X400G
DRY FRUITS,02,80021477,GOLDEN SULTANA 1X1KG,kg,5.2,0.0,,GOLDEN SULTANA 1X1KG
EDIBLE OIL,Oil,UFS52,TS- COCONUT OIL 1X2KG TROPICAL SUN,kg,12.99,0.0,,TS- COCONUT OIL 1X2KG TROPICAL SUN
EDIBLE OIL,Oil Mustard,ufs,PRID MUSTARD OIL 4L,item,14.0,0.0,,PRID MUSTARD OIL 4L
EDIBLE OIL,Oil,UFS36,IDAYAM-SESAME OIL 1L IDAYAM,kg,5.99,0.0,,IDAYAM-SESAME OIL 1L IDAYAM
EDIBLE OIL,Oil,UFS7006,T-S-RAPESEED OIL 20L TROPICAL SUN,DRM,29.99,0.0,,T-S-RAPESEED OIL 20L TROPICAL SUN
EDIBLE OIL,Oil,UFS7016,TRS-MUSTARD OIL (EX)1X4L TRS,drm,16.24,0.0,,TRS-MUSTARD OIL (EX)1X4L TRS
EDIBLE OIL,Oil,UFS7041,PRIDE -VEGETABLE OIL 1X20L PRIDE,DRM,28.99,0.0,,PRIDE -VEGETABLE OIL 1X20L PRIDE
EDIBLE OIL,Oil,UFS7060,KTC- POMACE OLIVE OIL 1X5L,drm,17.99,0.0,,KTC- POMACE OLIVE OIL 1X5L
EDIBLE OIL,Oil,UFS7072,MUSTARD OIL 1X1L,kg,5.99,0.0,,MUSTARD OIL 1X1L
EDIBLE OIL,Oil,UFS7145,OLIVE -POMACE OIL BLEND 1x5Ltr NATCO,drm,15.99,0.0,,OLIVE -POMACE OIL BLEND 1x5Ltr NATCO
EDIBLE OIL,Oil,8002340,KTC- RAPESEED OIL 1X20L KTC,DRM,30.89,0.0,,KTC- RAPESEED OIL 1X20L KTC
EDIBLE OIL,Oil,8002404,TS-COCONUT OIL 4X2L,BOX,48.2,0.0,,TS-COCONUT OIL 4X2L
EDIBLE OIL,Oil,8002579,T-S VEGETABLE OIL 1X20L,DRM,26.99,0.0,,T-S VEGETABLE OIL 1X20L
EDIBLE OIL,Oil,8002632,COCONUT OIL 1X1L,g,8.25,0.0,,COCONUT OIL 1X1L
EDIBLE OIL,Oil,8002642,PRIDE SUNFLOWER OIL 1X15L,DRM,24.89,0.0,,PRIDE SUNFLOWER OIL 1X15L
EDIBLE OIL,Oil,8002754,KTC-COCONUT OIL 1X500G,g,3.3,0.0,,KTC-COCONUT OIL 1X500G
EDIBLE OIL,Oil,8002800,KTC- VEGETABLE OIL ( Plastic can ) 1X20L,DRM,27.3,0.0,,KTC- VEGETABLE OIL ( Plastic can ) 1X20L
EDIBLE OIL,Oil,8002801,TS- VEGETABLE OIL ( Plastic can ) 1X20L,DRM,27.3,0.0,,TS- VEGETABLE OIL ( Plastic can ) 1X20L
EDIBLE OIL,Oil,8002842,WHITE PEARL VEGETABLE OIL 1X20L,DRM,28.39,0.0,,WHITE PEARL VEGETABLE OIL 1X20L
EDIBLE OIL,Oil,8002845,TS-SUNFLOWER OIL 1X5LTR,ml,9.24,0.0,,TS-SUNFLOWER OIL 1X5LTR
EDIBLE OIL,Oil,80021549,TS-VEGETABLE OIL 1X5LTR,item,8.43,0.0,,TS-VEGETABLE OIL 1X5LTR
EGG,,80021557,EGG 1X30S,nos,5.75,0.0,,EGG 1X30S
ESSENCE,,8002746,VANILLA ESSENCE 1X480ML TROPICAL SUN,g,2.99,0.0,,VANILLA ESSENCE 1X480ML TROPICAL SUN
FROZEN,Vegitables,UFS211,VIS- RED ONION 1X400G VISWAS,g,2.75,0.0,,VIS- RED ONION 1X400G VISWAS
FROZEN,Vegitables,UFS15,VIS -DRUMSTICK 12X400G VISWAS,g,27.99,0.0,,VIS -DRUMSTICK 12X400G VISWAS
FROZEN,Vegitables,UFS14,VIS-GREEN MANGO CUT 12X400G VISWAS,g,27.99,0.0,,VIS-GREEN MANGO CUT 12X400G VISWAS
FROZEN,Vegitables,8002341,VIS- AVIAL MIX 1X400G VISWAS,g,2.55,0.0,,VIS- AVIAL MIX 1X400G VISWAS
FROZEN,Vegitables,8002415,SHANA DRUMSTICK 1X300G,g,1.89,0.0,,SHANA DRUMSTICK 1X300G
FROZEN,Vegitables,8002503,ARDO SWEET CORN 10X1KG (FROZEN),kg,21.2,0.0,,ARDO SWEET CORN 10X1KG (FROZEN)
FROZEN,Vegitables,8002564,VS-DRUMSTICK1X400G,g,2.44,0.0,,VS-DRUMSTICK1X400G
FROZEN,Vegitables,8002565,VS- AVIAL MIX 1X400G,g,2.45,0.0,,VS- AVIAL MIX 1X400G
FROZEN,Vegitables,8002566,VS-SAMBAR MIX 1X400G,g,2.49,0.0,,VS-SAMBAR MIX 1X400G
FROZEN,Vegitables,8002626,SHANA DRUMSTICK (SARAGAWA) 12X300G,g,19.99,0.0,,SHANA DRUMSTICK (SARAGAWA) 12X300G
FROZEN,Vegitables,8002761,FROZEN -GARDEN PEAS( GREEN PEAS) 1X1KG,kg,1.89,0.0,,FROZEN -GARDEN PEAS( GREEN PEAS) 1X1KG
FROZEN,Vegitables,8002762,FROZEN - MIXED VEGETABLES 1X900g,g,1.55,0.0,,FROZEN - MIXED VEGETABLES 1X900g
FROZEN,Vegitables,8002810,TAJ-CUT OKRA 1X1KG,kg,3.6,0.0,,TAJ-CUT OKRA 1X1KG
FROZEN,Vegitables,8002939,VIS-GREEN CUT MANGO 1X400G,g,2.65,0.0,,VIS-GREEN CUT MANGO 1X400G
FROZEN,Vegitables,80021446,VIS-RED ONION 12X400G,g,33.0,0.0,,VIS-RED ONION 12X400G
FROZEN,Vegitables,80021476,VIS-CHINEESE POTATO 1X400G,g,2.89,0.0,,VIS-CHINEESE POTATO 1X400G
FROZEN,Vegitables,80021526,BABA SAMBAR MIX 1X250G,g,2.73,0.0,,BABA SAMBAR MIX 1X250G
FROZEN,Porotta,UFS351,VIS-MALABAR POROTTA 36X330G VISWAS,g,39.99,0.0,,VIS-MALABAR POROTTA 36X330G VISWAS
FROZEN,Porotta,UFS18,VIS -REST.POROTTA 16X908G VISWAS,g,54.99,0.0,,VIS -REST.POROTTA 16X908G VISWAS
FROZEN,Porotta,8002342,DD - HOME MADE CHAPATHI 36X33DAILY DELIGHT,g,57.6,0.0,,DD - HOME MADE CHAPATHI 36X33DAILY DELIGHT
FROZEN,Porotta,8002343,DD-TAPIOCA SLICE 18X908GM DILY DELIGHT,g,55.8,0.0,,DD-TAPIOCA SLICE 18X908GM DILY DELIGHT
FROZEN,Porotta,8002344,DD - HOME MADE CHAPATHI 1X330DELY DELIGHT,g,1.69,0.0,,DD - HOME MADE CHAPATHI 1X330DELY DELIGHT
FROZEN,Porotta,8002345,DD MALABAR POROTTA 1X330G DAILY DELIGHT MALABR PORATTA 1X330G ( 6,PIEg,1.65,0.0,,DD MALABAR POROTTA 1X330G DAILY DELIGHT MALABR PORATTA 1X330G ( 6
FROZEN,Porotta,8002346,VS-RES POROTTA 1X908G VISWAS,g,3.44,0.0,,VS-RES POROTTA 1X908G VISWAS
FROZEN,Porotta,8002347,VS-RESTAURANT POROTTA- 1X2 KGVISWAAS Viswas restaurant parotta is 2kg,pakg,6.87,0.0,,VS-RESTAURANT POROTTA- 1X2 KGVISWAAS Viswas restaurant parotta is 2kg
FROZEN,Porotta,8002348,VIS-RESTAURANT POROTTA- 8X2 KGVISWAS,kg,59.99,0.0,,VIS-RESTAURANT POROTTA- 8X2 KGVISWAS
FROZEN,Porotta,8002349,ID -MALABAR POROTTA FAMALY ( 1ID,g,45.89,0.0,,ID -MALABAR POROTTA FAMALY ( 1ID
FROZEN,Porotta,8002350,VIS-TAPIOCA SLICE 1X908G VISWAS,g,2.74,0.0,,VIS-TAPIOCA SLICE 1X908G VISWAS
FROZEN,Porotta,8002351,VIS-TAPIOCA SLICE 16X908G VISWAS,g,43.99,0.0,,VIS-TAPIOCA SLICE 16X908G VISWAS
FROZEN,Porotta,8002374,MALABAR POROTTA 36X330g,g,54.99,0.0,,MALABAR POROTTA 36X330g
FROZEN,Porotta,8002575,VIS -MALABAR POROTTA 1330G MALABAR PORATTA 1X330G (,6PIEg,1.55,0.0,,VIS -MALABAR POROTTA 1330G MALABAR PORATTA 1X330G (
FROZEN,Porotta,8002576,VS-RESTAURANT POROTTA- 1X2 KG,kg,7.75,0.0,,VS-RESTAURANT POROTTA- 1X2 KG
FROZEN,Porotta,8002577,VS-RESTAURANT POROTTA- 8X2 KG,kg,56.99,0.0,,VS-RESTAURANT POROTTA- 8X2 KG
FROZEN,Porotta,8002894,VIS-KOOTHU PARATHA 1X2KG,kg,7.49,0.0,,VIS-KOOTHU PARATHA 1X2KG
FROZEN,Porotta,80021475,VIS-KOTHUROTTI 8X2KG,kg,59.49,0.0,,VIS-KOTHUROTTI 8X2KG
FROZEN,Porotta,80021507,ID-MALABAR POROTTA FAMALY 1X906G,g,3.89,0.0,,ID-MALABAR POROTTA FAMALY 1X906G
FROZEN,Porotta,80021536,SHANKAR-KOTHU ROTTI BULK(CUT ROTTI)1X1KG,kg,2.79,0.0,,SHANKAR-KOTHU ROTTI BULK(CUT ROTTI)1X1KG
FROZEN,Coconut Items,UFS212,VIS : SLICED COCONUT 1X400G VISWAS,g,3.2,0.0,,VIS : SLICED COCONUT 1X400G VISWAS
FROZEN,Coconut Items,8002352,VIS -GRATED COCONUT 1X400G VISWAS,g,2.6,0.0,,VIS -GRATED COCONUT 1X400G VISWAS
FROZEN,Coconut Items,8002930,SHANA SHREDDED COCONUT 1X300G,g,2.26,0.0,,SHANA SHREDDED COCONUT 1X300G
FROZEN,Others,UFS16,TYJ-SPRING ROLL PASTRY 8.5INX40XTYJ,box,44.5,0.0,,TYJ-SPRING ROLL PASTRY 8.5INX40XTYJ
FROZEN,Others,UFS7153,BROAD BEANS FROZEN12X500G,g,26.5,0.0,,BROAD BEANS FROZEN12X500G
FROZEN,Others,8002353,KAFFIR LIME LEAVES 1X100GM,g,2.3,0.0,,KAFFIR LIME LEAVES 1X100GM
FROZEN,Others,8002354,FRENCH FRIES 1X2.27KG,kg,4.49,0.0,,FRENCH FRIES 1X2.27KG
FROZEN,Others,8002355,SHANA PANJABI SAMOSA 20s 6X118SANA,g,33.89,0.0,,SHANA PANJABI SAMOSA 20s 6X118SANA
FROZEN,Others,8002356,LEAF SPINACH BLOCK 4X2.5KG,kg,18.45,0.0,,LEAF SPINACH BLOCK 4X2.5KG
FROZEN,Others,8002365,IDLY 1X10 EACH SUVAI,NOS,3.75,0.0,,IDLY 1X10 EACH SUVAI
FROZEN,Others,8002386,TYJ SPRING ROOL PASTRY 10INCH X 30 X 20,BOX,58.99,0.0,,TYJ SPRING ROOL PASTRY 10INCH X 30 X 20
FROZEN,Others,8002442,VIS-TAPIOCA SLICE 1X908G VISWAS,g,3.49,0.0,,VIS-TAPIOCA SLICE 1X908G VISWAS
FROZEN,Others,8002454,FROZEN KAFFIR LIME LEAVES 1X100GM,g,2.49,0.0,,FROZEN KAFFIR LIME LEAVES 1X100GM
FROZEN,Others,8002555,FROZEN -HALVA BLACK 1X400G,g,3.59,0.0,,FROZEN -HALVA BLACK 1X400G
FROZEN,Others,8002589,PRI-SPECIAL PAPADM(FROZEN)50X200G,BOX,81.99,0.0,,PRI-SPECIAL PAPADM(FROZEN)50X200G
FROZEN,Others,8002611,MIX FRUIT ( FROZEN ) 1X500G,g,2.75,0.0,,MIX FRUIT ( FROZEN ) 1X500G
FROZEN,Others,8002614,CHICKEN FILLETS ( FULLY COOKED ) 18X110G (لﻼﺣ ) H,alalNOS,20.99,0.0,,CHICKEN FILLETS ( FULLY COOKED ) 18X110G (لﻼﺣ ) H
FROZEN,Others,8002615,5''SEEDED BURGER BUNS1X48EACH,nos,14.89,0.0,,5''SEEDED BURGER BUNS1X48EACH
FROZEN,Others,8002616,BURGER CHEESE SLICES 1X112EACH,nos,10.99,0.0,,BURGER CHEESE SLICES 1X112EACH
FROZEN,Others,8002617,BURGER FISH CAKES ( 4OZ) 24X113G,item,15.69,0.0,,BURGER FISH CAKES ( 4OZ) 24X113G
FROZEN,Others,8002619,VEGETABLE BURGER 10X113G,g,8.65,0.0,,VEGETABLE BURGER 10X113G
FROZEN,Others,8002702,VIS-LADDU 1X350G,g,3.3,0.0,,VIS-LADDU 1X350G
FROZEN,Others,8002704,VIS- JILEBI 1X227G,g,2.35,0.0,,VIS- JILEBI 1X227G
FROZEN,Others,8002871,FROZEN - HALAL SKINLESS BONELESS CHICKEN LEG MEAT 1X5kg,kg,22.75,0.0,,FROZEN - HALAL SKINLESS BONELESS CHICKEN LEG MEAT 1X5kg
FROZEN,Others,8002872,HALAL RAW FROZEN 70% CHIOCKEN BREAST FILLETS ( 250G+-) 1X10KG,kg,46.99,0.0,,HALAL RAW FROZEN 70% CHIOCKEN BREAST FILLETS ( 250G+-) 1X10KG
FROZEN,Others,8002873,FROZEN HALAL NZ BONELESS LAMB LEG 1X1KG,kg,11.75,0.0,,FROZEN HALAL NZ BONELESS LAMB LEG 1X1KG
FROZEN,Others,8002874,FROZEN TOPSIDE PAD BEEF ( CAPOFF) 1X1KG,kg,10.65,0.0,,FROZEN TOPSIDE PAD BEEF ( CAPOFF) 1X1KG
FROZEN,Others,8002899,ARMAAN CHICKEN SAMOOSA 1X18S,nos,4.35,0.0,,ARMAAN CHICKEN SAMOOSA 1X18S
FROZEN,Others,8002931,SWITZ SAMOSA PAD 1X500G ( 50 SHEETS ),g,1.99,0.0,,SWITZ SAMOSA PAD 1X500G ( 50 SHEETS )
FROZEN,Others,8002932,FROZEN SPINACH LEAF 1X1KG,kg,1.89,0.0,,FROZEN SPINACH LEAF 1X1KG
FROZEN,Others,8002936,TAJ-KAPPA (MOGU) CHIPS 6X1KG,BOX,25.49,0.0,,TAJ-KAPPA (MOGU) CHIPS 6X1KG
FROZEN,Others,8002937,TAJ-KAPPA (MOGU) CHIPS 1X1KG,kg,4.75,0.0,,TAJ-KAPPA (MOGU) CHIPS 1X1KG
FROZEN,Others,8002938,FROZEN CHOPPED SPINACH 1X10KG,kg,16.49,0.0,,FROZEN CHOPPED SPINACH 1X10KG
FROZEN,Others,80021397,Haldiram's - PUNJABI SAMOSA (12x650g),item,54.49,0.0,,Haldiram's - PUNJABI SAMOSA (12x650g)
FROZEN,Others,80021419,VIS-IDIYAPPAM WHITE (frozen ) 1x454g,g,2.89,0.0,,VIS-IDIYAPPAM WHITE (frozen ) 1x454g
FROZEN,Others,80021489,TYJ -SPRING ROLL PASTRY SHEET 8.5 INCH 1X30SHEET,SET,2.45,0.0,,TYJ -SPRING ROLL PASTRY SHEET 8.5 INCH 1X30SHEET
FROZEN,Others,80021532,MALABAR TREAT - FROZEN GURUVAYOOR PAPADAM 20X200G,g,36.14,0.0,,MALABAR TREAT - FROZEN GURUVAYOOR PAPADAM 20X200G
FROZEN,Others,80021553,VIS-REST-UZHUNNUVADA 1X908G,g,6.1,0.0,,VIS-REST-UZHUNNUVADA 1X908G
FROZEN,Others,80021554,FROZEN - HALAL SKINLESS BONELESS CHICKEN LEG MEAT 1X2.5kg,kg,11.55,0.0,,FROZEN - HALAL SKINLESS BONELESS CHICKEN LEG MEAT 1X2.5kg
FROZEN,Others,80021555,FROZEN - HALAL SKINLESS BONELESS CHICKEN LEG MEAT 1X10kg,kg,39.99,0.0,,FROZEN - HALAL SKINLESS BONELESS CHICKEN LEG MEAT 1X10kg
FROZEN,Others,80021558,CHOPPED SPINACH 1 X 1KG,kg,1.89,0.0,,CHOPPED SPINACH 1 X 1KG
FROZEN,Others,80021561,TYJ -SPRING ROOL PASTRY SHEETS (10''INCH )1X30S,ft,2.1,0.0,,TYJ -SPRING ROOL PASTRY SHEETS (10''INCH )1X30S
FROZEN FISH,,8002516,PRAWNS IQF 26-30 10X1KG ( 700g net),BOX,76.0,0.0,,PRAWNS IQF 26-30 10X1KG ( 700g net)
FROZEN FISH,,8002517,PRAWNS IQF 26-30 1X1KG (700G )NET GROSS WEIGHT 1000G,kg,8.49,0.0,,PRAWNS IQF 26-30 1X1KG (700G )NET GROSS WEIGHT 1000G
FROZEN FISH,,8002541,SILVER POMFRET 1X800G,g,8.99,0.0,,SILVER POMFRET 1X800G
FROZEN FISH,,8002612,THILAPIA STEAK ( BLACK ) 1X700G,g,3.99,0.0,,THILAPIA STEAK ( BLACK ) 1X700G
FROZEN FISH,,8002613,MACKEREL WHOLE 6\/8 ( INDIAN ) 1X1KG,kg,4.89,0.0,,MACKEREL WHOLE 6\/8 ( INDIAN ) 1X1KG
FROZEN FISH,,8002620,KING FISH ( BULK ) 1X15KG,kg,173.25,0.0,,KING FISH ( BULK ) 1X15KG
FROZEN FISH,,8002743,KING FISH STEAKS (IQF) LOOSE 1X1KG,kg,12.25,0.0,,KING FISH STEAKS (IQF) LOOSE 1X1KG
FROZEN FISH,,8002764,MARINE ANCHOVY DRESSED BIG 15X600G,g,53.49,0.0,,MARINE ANCHOVY DRESSED BIG 15X600G
FROZEN FISH,,8002765,MARINE ANCHOVY DRESSED BIG 1\X600G,g,3.7,0.0,,MARINE ANCHOVY DRESSED BIG 1\X600G
FROZEN FISH,,8002766,MARINE INDIAN MACKERAL WHOLE 15X600G,g,47.48,0.0,,MARINE INDIAN MACKERAL WHOLE 15X600G
FROZEN FISH,,8002767,MARINE SARDINE WHOLE 15X600GM,g,45.99,0.0,,MARINE SARDINE WHOLE 15X600GM
FROZEN FISH,,8002768,MARINE SARDINE WHOLE 1X600GM,g,3.46,0.0,,MARINE SARDINE WHOLE 1X600GM
FROZEN FISH,,8002785,MARINE INDIAN MACKERAL WHOLE 1X600G,g,3.35,0.0,,MARINE INDIAN MACKERAL WHOLE 1X600G
FROZEN FISH,,8002836,SOFT SHELL CRABS 1X18'S,NOS,24.99,0.0,,SOFT SHELL CRABS 1X18'S
FROZEN FISH,,8002863,KING IQF PRAWNS 8-12 1X1KG ( 700G NET),kg,11.25,0.0,,KING IQF PRAWNS 8-12 1X1KG ( 700G NET)
FROZEN FISH,,8002886,MARINE SARDINE DRESSED- 1X600GM,g,3.75,0.0,,MARINE SARDINE DRESSED- 1X600GM
FROZEN FISH,,8002888,TILAPIA FILLETS ( SKINLESS) IQF 1X1KG( 800NET ),kg,5.49,0.0,,TILAPIA FILLETS ( SKINLESS) IQF 1X1KG( 800NET )
FROZEN FISH,,80021473,BLUE SWIMING CUT CRAB 1X1KG,kg,6.75,0.0,,BLUE SWIMING CUT CRAB 1X1KG
GROCERY,Flour,UFS69,BALA -GRAM FLOUR 1X2KG BALA,kg,2.99,0.0,,BALA -GRAM FLOUR 1X2KG BALA
GROCERY,Flour,Ufsself,HEERA-SELF RAISING FLOUR 25KG,kg,18.99,0.0,,HEERA-SELF RAISING FLOUR 25KG
GROCERY,Flour,UFS,PLAIN PLAIN FLOUR 25KG,kg,22.75,0.0,,PLAIN PLAIN FLOUR 25KG
GROCERY,Flour,UFS166,NAGA MAIDA 1X10KG,kg,15.89,0.0,,NAGA MAIDA 1X10KG
GROCERY,Flour,217,AASHIRVAAD CHAKKI ATTA 1X10KG,kg,16.99,0.0,,AASHIRVAAD CHAKKI ATTA 1X10KG
GROCERY,Flour,UFS348,HEERA RICE FLOUR 1.5 KG,kg,3.2,0.0,,HEERA RICE FLOUR 1.5 KG
GROCERY,Flour,UFSSTRING,INDUSRI -STRING HOPPER POWDER 1KG,kg,2.49,0.0,,INDUSRI -STRING HOPPER POWDER 1KG
GROCERY,Flour,UFS7029,AMD-PLAIN FLOUR 1X16KG,item,14.99,0.0,,AMD-PLAIN FLOUR 1X16KG
GROCERY,Flour,UFS7030,T/S-RICE FLOUR 1X25KG TROPICAL SUN,item,26.99,0.0,,T/S-RICE FLOUR 1X25KG TROPICAL SUN
GROCERY,Flour,UFS7076,ELEPHANT ATTA(MEDIUM ) 1X25KG,kg,21.89,0.0,,ELEPHANT ATTA(MEDIUM ) 1X25KG
GROCERY,Flour,UFS7084,ELEPHENT SELF RAISING FLOUR 25KG,item,15.99,0.0,,ELEPHENT SELF RAISING FLOUR 25KG
GROCERY,Flour,UFS7089,HEERA CORNFLOUR 1X3KG,item,8.99,0.0,,HEERA CORNFLOUR 1X3KG
GROCERY,Flour,UFS7101,ELEPHANT CHAKKI GOLD 1X10KG,kg,12.49,0.0,,ELEPHANT CHAKKI GOLD 1X10KG
GROCERY,Flour,UFS7149,SELF RAISING FLOUR 25KG,item,17.0,0.0,,SELF RAISING FLOUR 25KG
GROCERY,Flour,UFS7150,CORNFLOUR 1X3KG,item,6.86,0.0,,CORNFLOUR 1X3KG
GROCERY,Flour,UFS7152,ELEPHANT ATTA SELF RAISING 1X25KG,kg,26.89,0.0,,ELEPHANT ATTA SELF RAISING 1X25KG
GROCERY,Flour,8002357,NAGA CHAKKI ATTA 1X10KG,kg,13.55,0.0,,NAGA CHAKKI ATTA 1X10KG
GROCERY,Flour,8002379,GROUND RICE 6X1.5KG,kg,17.88,0.0,,GROUND RICE 6X1.5KG
GROCERY,Flour,8002447,ELEPHANT ATTA FINE ( WHITE CHAPATTI FLOUR ) 1X25KG,kg,23.39,0.0,,ELEPHANT ATTA FINE ( WHITE CHAPATTI FLOUR ) 1X25KG
GROCERY,Flour,8002547,DH-APPAM IDIYAPPAM PODI 1x1kg,kg,2.69,0.0,,DH-APPAM IDIYAPPAM PODI 1x1kg
GROCERY,Flour,8002548,VIS-PUTTU PODI 1X1KG,kg,2.55,0.0,,VIS-PUTTU PODI 1X1KG
GROCERY,Flour,8002549,MIX 'N' BAKE -PLAIN FLOUR 1X25KG,kg,19.99,0.0,,MIX 'N' BAKE -PLAIN FLOUR 1X25KG
GROCERY,Flour,8002550,CHANDRA- PANI PURI CS 40sX16X1BOX,NOS,51.89,0.0,,CHANDRA- PANI PURI CS 40sX16X1BOX
GROCERY,Flour,8002556,NAGA MAIDA 6X1KG,kg,13.99,0.0,,NAGA MAIDA 6X1KG
GROCERY,Flour,8002557,NAGA MAIDA 1X1KG,kg,2.65,0.0,,NAGA MAIDA 1X1KG
GROCERY,Flour,8002574,NAGA ATTA 1X5KG,kg,7.89,0.0,,NAGA ATTA 1X5KG
GROCERY,Flour,8002592,BALA GRAM FLOUR 6X2KG,BOX,15.99,0.0,,BALA GRAM FLOUR 6X2KG
GROCERY,Powders,UFS106,SAKTHI -CHUTNEY POWDER 1X200G,g,1.98,0.0,,SAKTHI -CHUTNEY POWDER 1X200G
GROCERY,Powders,UFS54,KINGS CURRY POWDER 1X900G,g,8.99,0.0,,KINGS CURRY POWDER 1X900G
GROCERY,Powders,Ufslemon,achi SAKTHI -LEMON RICE POWDER 1X200G,g,2.35,0.0,,achi SAKTHI -LEMON RICE POWDER 1X200G
GROCERY,Powders,8002367,LG ASAFOETIDA ( HINK ) 10X100G,g,24.8,0.0,,LG ASAFOETIDA ( HINK ) 10X100G
GROCERY,Powders,8002408,TRS-AMCHUR POWDER 20X100G,g,19.99,0.0,,TRS-AMCHUR POWDER 20X100G
GROCERY,Powders,8002409,TRS-AMCHUR POWDER 1X100G,kg,1.15,0.0,,TRS-AMCHUR POWDER 1X100G
GROCERY,Powders,8002678,BAKING POWDER 1X3.5KG,kg,9.1,0.0,,BAKING POWDER 1X3.5KG
GROCERY,Powders,8002883,BRU COFFEE POWDER ( INSTANT)1X100G,g,6.29,0.0,,BRU COFFEE POWDER ( INSTANT)1X100G
GROCERY,Powders,8002896,VIS SAMBAR POWDER 1X160G,g,2.16,0.0,,VIS SAMBAR POWDER 1X160G
GROCERY,Pickles,UFS374,HEERA MANGO PICKLE 4KG,kg,11.49,0.0,,HEERA MANGO PICKLE 4KG
GROCERY,Pickles,UFS375,HEERA LIME PICKLE 4KG,kg,11.55,0.0,,HEERA LIME PICKLE 4KG
GROCERY,Pickles,UFS7064,HEERA MIXED PICKLE 1X4KG,kg,11.99,0.0,,HEERA MIXED PICKLE 1X4KG
GROCERY,Pickles,8002393,GOMO MIX PIT OLIVES 1X3.1KG,kg,24.99,0.0,,GOMO MIX PIT OLIVES 1X3.1KG
GROCERY,Pickles,8002477,AHMED MANGO PICKLE 1X1KG,kg,2.99,0.0,,AHMED MANGO PICKLE 1X1KG
GROCERY,Pickles,8002689,EASTERN-LIME PICKLE 1X400G,g,2.4,0.0,,EASTERN-LIME PICKLE 1X400G
GROCERY,Pickles,8002795,ASHOKA -CHILLI PICKLE 1X480G,g,1.99,0.0,,ASHOKA -CHILLI PICKLE 1X480G
GROCERY,Pickles,8002852,PACHRANGA RED CHILLI STUFFED PICKLE IN OIL-1X750ML,g,3.49,0.0,,PACHRANGA RED CHILLI STUFFED PICKLE IN OIL-1X750ML
GROCERY,Pickles,8002853,PACHRANGA SWEET CARROT PICKLE IN OIL-1X750ML,g,3.99,0.0,,PACHRANGA SWEET CARROT PICKLE IN OIL-1X750ML
GROCERY,Pickles,80021394,PRIYA -GONGURA PICKLE 12X300G,g,24.99,0.0,,PRIYA -GONGURA PICKLE 12X300G
GROCERY,Pickles,80021395,PRIYA -GONGURA PICKLE 1X300G,g,2.3,0.0,,PRIYA -GONGURA PICKLE 1X300G
GROCERY,Chutney,UFS380,SWEET MANGO CHUTNEY 5KG,kg,11.99,0.0,,SWEET MANGO CHUTNEY 5KG
GROCERY,Chutney,UFS385,BALA SWEET MANGO CHUTNEY 1 X40KG,kg,58.49,0.0,,BALA SWEET MANGO CHUTNEY 1 X40KG
GROCERY,Chutney,UFS7086,PAPA-SWEET MANGO CHUTNEY 1X 40KG,item,57.48,0.0,,PAPA-SWEET MANGO CHUTNEY 1X 40KG
GROCERY,Chutney,8002358,GEETA 'S TAMARIND CHUTNEY 1X15KG,kg,43.99,0.0,,GEETA 'S TAMARIND CHUTNEY 1X15KG
GROCERY,Chutney,8002359,GEETA'S MANGO CHUTNEY 1X14KG,kg,42.99,0.0,,GEETA'S MANGO CHUTNEY 1X14KG
GROCERY,Pappadam,UFS100,PAPADAM MALABAR 1X150G,g,1.45,0.0,,PAPADAM MALABAR 1X150G
GROCERY,Pappadam,UFS382,SHANKAR -MADRAS PLAIN PAPPADOMS 8X60X200g,g,51.89,0.0,,SHANKAR -MADRAS PLAIN PAPPADOMS 8X60X200g
GROCERY,Pappadam,UFS7031,TRS-PAPADAM 10X200GM,g,8.66,0.0,,TRS-PAPADAM 10X200GM
GROCERY,Pappadam,UFS7087,TRS- PAPPADAM MADRAS BUNDLE 8X60X200GM,g,51.99,0.0,,TRS- PAPPADAM MADRAS BUNDLE 8X60X200GM
GROCERY,Pappadam,8002360,MINI PAPAD 1X200G UFS7443,g,1.49,0.0,,MINI PAPAD 1X200G UFS7443
GROCERY,Pappadam,8002598,RAGGI SPICY PAPDAM 1X200G,g,2.75,0.0,,RAGGI SPICY PAPDAM 1X200G
GROCERY,Pappadam,8002742,BALA MADRAS PLAN PAPADAM 60X200G,BOX,59.99,0.0,,BALA MADRAS PLAN PAPADAM 60X200G
GROCERY,Others,UFS63,COOKING SALT 12.5KG,kg,8.4,0.0,,COOKING SALT 12.5KG
GROCERY,Others,UFS78,TL - SUGAR WHITE 1X25KG,kg,19.98,0.0,,TL - SUGAR WHITE 1X25KG
GROCERY,Others,UFSSUGAR,TL - SUGAR WHITE 15X1KG,kg,15.89,0.0,,TL - SUGAR WHITE 15X1KG
GROCERY,Others,UFS368,MARAYOOR JAGGERY 1KG,kg,3.6,0.0,,MARAYOOR JAGGERY 1KG
GROCERY,Others,UFS227,PG TEA BAGS1X1100s,item,22.56,0.0,,PG TEA BAGS1X1100s
GROCERY,Others,UFSNORI,NESCAFE COFFEE ORIGINAL 1X1KG,kg,26.89,0.0,,NESCAFE COFFEE ORIGINAL 1X1KG
GROCERY,Others,ufsNgold,NESCAFE COFFEE GOLD 1X750G,g,29.88,0.0,,NESCAFE COFFEE GOLD 1X750G
GROCERY,Others,UFS245,NESCAFE MILO 400G,g,5.24,0.0,,NESCAFE MILO 400G
GROCERY,Others,UFS376,HORLICKS 1X2KG,kg,15.99,0.0,,HORLICKS 1X2KG
GROCERY,Others,UFSKASU,KASUNDI MUSTARD SAUCE 525G,g,3.6,0.0,,KASUNDI MUSTARD SAUCE 525G
GROCERY,Others,UFS71,KTC TOMATO KETCHUP 4KG,kg,6.5,0.0,,KTC TOMATO KETCHUP 4KG
GROCERY,Others,UFS384,LYCHEES IN SYRUP 24X567,item,39.99,0.0,,LYCHEES IN SYRUP 24X567
GROCERY,Others,UFS215,ARDO MIXED VEGETABLES 1 X1KG,kg,2.0,0.0,,ARDO MIXED VEGETABLES 1 X1KG
GROCERY,Others,216,ARDO- GARDEN PEAS 1KG,kg,2.0,0.0,,ARDO- GARDEN PEAS 1KG
GROCERY,Others,UFS350,NATURAL BREADCRUBS 1X3KG,kg,8.59,0.0,,NATURAL BREADCRUBS 1X3KG
GROCERY,Others,UFS229,TS-HONEY 4.5KG,kg,21.55,0.0,,TS-HONEY 4.5KG
GROCERY,Others,UFS82,TAMARIND PASTE NIRU 6X454G,g,15.99,0.0,,TAMARIND PASTE NIRU 6X454G
GROCERY,Others,UFS55,LG ASAFOETTIDA 10X100G,g,23.0,0.0,,LG ASAFOETTIDA 10X100G
GROCERY,Others,UFS342,UFS BROKEN CASHWNUT 700G,g,5.1,0.0,,UFS BROKEN CASHWNUT 700G
GROCERY,Others,UFS,dried DRIED SHRIMP B0G,g,5.59,0.0,,dried DRIED SHRIMP B0G
GROCERY,Others,108,TS-GOLDEN BREADCRUMBS 1X3KG,kg,8.49,0.0,,TS-GOLDEN BREADCRUMBS 1X3KG
GROCERY,Others,UFS300,SHANKAR-URID WHOLE GOTA 1X20KG,kg,42.99,0.0,,SHANKAR-URID WHOLE GOTA 1X20KG
GROCERY,Others,UFS20,RICH TEA BISCUITS 300G,g,1.6,0.0,,RICH TEA BISCUITS 300G
GROCERY,Others,UFS366,SAGO SEEDS 1.5KG,kg,4.1,0.0,,SAGO SEEDS 1.5KG
GROCERY,Others,UFS345,HEERA-JAGGERY (GOOR) 1x900 G,g,2.85,0.0,,HEERA-JAGGERY (GOOR) 1x900 G
GROCERY,Others,UFS355,KITHUL TREACLE 1X75OML,item,4.75,0.0,,KITHUL TREACLE 1X75OML
GROCERY,Others,UFS337,DRIED YEAST1X125G,g,2.38,0.0,,DRIED YEAST1X125G
GROCERY,Others,UFS333,HEERA FENNEL SEEDS 1X800GM,g,4.2,0.0,,HEERA FENNEL SEEDS 1X800GM
GROCERY,Others,ufs323,BROWN SOYA CHUNKS SMALL 1x250G,g,1.99,0.0,,BROWN SOYA CHUNKS SMALL 1x250G
GROCERY,Others,UFS358,METHI SEEDS 1KG,kg,2.8,0.0,,METHI SEEDS 1KG
GROCERY,Others,UFS33,MAGGI COCONUT MILK POWDER 1X1KG,kg,11.25,0.0,,MAGGI COCONUT MILK POWDER 1X1KG
GROCERY,Others,UFS360,KEWARA WATER1X190ML,item,0.69,0.0,,KEWARA WATER1X190ML
GROCERY,Others,UFS362,ROSE WATER 1X190ML,g,0.85,0.0,,ROSE WATER 1X190ML
GROCERY,Others,ufs364,HEERA-SEMOLINA COARSE1x1.5KG,kg,2.89,0.0,,HEERA-SEMOLINA COARSE1x1.5KG
GROCERY,Others,UFS,SHRIP DRY SHRIMPS ( PRAWNS ) 1X100G,g,3.69,0.0,,SHRIP DRY SHRIMPS ( PRAWNS ) 1X100G
GROCERY,Others,UFS372,SHANA PANJABI SAMOSA 20s (6X1180)G,g,32.1,0.0,,SHANA PANJABI SAMOSA 20s (6X1180)G
GROCERY,Others,UFS390,YOGURT 10 LTR,item,12.99,0.0,,YOGURT 10 LTR
GROCERY,Others,UFSSUGAR,STK T&L SUGAR STICKS 1000X2.5 G,g,8.89,0.0,,STK T&L SUGAR STICKS 1000X2.5 G
GROCERY,Others,UFS7105,CARNATION COND-MILK 12X397G,g,18.99,0.0,,CARNATION COND-MILK 12X397G
GROCERY,Others,UFS7106,CARNATION EVARPORATED MILK CAN 12X410GM,g,16.99,0.0,,CARNATION EVARPORATED MILK CAN 12X410GM
GROCERY,Others,UFS,B LEAVS BANANA LEAVS KING 1X1 EACH BOX,NOS,0.85,0.0,,B LEAVS BANANA LEAVS KING 1X1 EACH BOX
GROCERY,Others,UFSMACK,TS-MACKEREL TIN 6x400G,g,24.99,0.0,,TS-MACKEREL TIN 6x400G
GROCERY,Others,UFSTAH,TAHINA 1x454G,g,3.75,0.0,,TAHINA 1x454G
GROCERY,Others,UFSCASTERS,TL-CASTER SUGAR 25KG,kg,35.99,0.0,,TL-CASTER SUGAR 25KG
GROCERY,Others,UFS7001,TAMARIND 1X200G,g,0.76,0.0,,TAMARIND 1X200G
GROCERY,Others,UFS7002,SHARAKARA VERATTI 1x150G,g,1.89,0.0,,SHARAKARA VERATTI 1x150G
GROCERY,Others,UFS7005,BAKING POWDER WEIKFIELD1X1KG,kg,5.99,0.0,,BAKING POWDER WEIKFIELD1X1KG
GROCERY,Others,UFS7007,JUMBO MOP HEAD 1X10s 16PY,NOS,15.0,20.0,,JUMBO MOP HEAD 1X10s 16PY
GROCERY,Others,UFS7008,STEEL WOOL 1X10S M38g,item,4.99,20.0,,STEEL WOOL 1X10S M38g
GROCERY,Others,UFS7011,HD JUMBO SPONGE 1X10S,NOS,5.75,20.0,,HD JUMBO SPONGE 1X10S
GROCERY,Others,UFS7012,PROWRAP CLING FILM PREM( EXTRA STRONG ) 1X450MM,ROL,11.5,20.0,,PROWRAP CLING FILM PREM( EXTRA STRONG ) 1X450MM
GROCERY,Others,UFS7013,MAGGI SAUCE MASALA CHILLI 6X400G,g,12.29,0.0,,MAGGI SAUCE MASALA CHILLI 6X400G
GROCERY,Others,UFS7015,KITCHEN BLUE ROLL 6X110M,ROL,11.99,20.0,,KITCHEN BLUE ROLL 6X110M
GROCERY,Others,UFS7018,TRS- BASIL SEED (TUKMARIA) 1X100G,g,1.23,0.0,,TRS- BASIL SEED (TUKMARIA) 1X100G
GROCERY,Others,UFS7019,BABY AUBERGINE 1X4KG,g,17.89,0.0,,BABY AUBERGINE 1X4KG
GROCERY,Others,UFS7020,MDH-DEGGI MIRCHI 1X500G,g,8.24,0.0,,MDH-DEGGI MIRCHI 1X500G
GROCERY,Others,UFS7022,PL-DRY CHICKPEAS 1X12.5KG,kg,26.99,0.0,,PL-DRY CHICKPEAS 1X12.5KG
GROCERY,Others,UFS7028,TS-SEMOLINA COARSE 1X16KG,kg,21.88,0.0,,TS-SEMOLINA COARSE 1X16KG
GROCERY,Others,UFS7032,SATCO PLASTIC CONT+LID 250X500CC,item,31.99,0.0,,SATCO PLASTIC CONT+LID 250X500CC
GROCERY,Others,UFS7033,KITCHEN BLUE ROLL HIGIENE -ECO 6X50M,ROL,6.99,20.0,,KITCHEN BLUE ROLL HIGIENE -ECO 6X50M
GROCERY,Others,UFS7035,RED COWPEAS 1X2KG,kg,7.49,0.0,,RED COWPEAS 1X2KG
GROCERY,Others,UFS7039,CX- WASHING UP LIQUID 1X 5L,item,18.99,20.0,,CX- WASHING UP LIQUID 1X 5L
GROCERY,Others,UFS7040,MARIGOLD GLOVES (L)1X6S marigold,NOS,10.2,20.0,,MARIGOLD GLOVES (L)1X6S marigold
GROCERY,Others,UFS7047,CASTLEVIEW ALUMINIUM FOIL1X450MX75,ROL,12.99,20.0,,CASTLEVIEW ALUMINIUM FOIL1X450MX75
GROCERY,Others,UFS7048,FRESH- DOSA BATTER 1X1KG,kg,3.5,0.0,,FRESH- DOSA BATTER 1X1KG
GROCERY,Others,UFS7054,VEG KHANUM PURE GHEE 1X12.5KG,kg,32.5,0.0,,VEG KHANUM PURE GHEE 1X12.5KG
GROCERY,Others,UFS7055,KALA CHANA( BROWN IN TIN ) 12X400G,g,7.3,0.0,,KALA CHANA( BROWN IN TIN ) 12X400G
GROCERY,Others,UFS7056,VEGAN MAYONNAISE 1X5 LTR,kg,17.56,0.0,,VEGAN MAYONNAISE 1X5 LTR
GROCERY,Others,UFS7065,FAIRY LIQUID ORGINAL 2X5LTR.,kg,26.49,20.0,,FAIRY LIQUID ORGINAL 2X5LTR.
GROCERY,Others,UFS7068,PEANUTS RED 6X1KG,kg,32.48,0.0,,PEANUTS RED 6X1KG
GROCERY,Others,UFS7070,DEEPIO POWDER 1X6KG,item,15.99,0.0,,DEEPIO POWDER 1X6KG
GROCERY,Others,UFS7071,CLEANUX THICK BLEACH 4X5L,item,19.89,0.0,,CLEANUX THICK BLEACH 4X5L
GROCERY,Others,UFS7073,TRS-CHICKPEAS WHITE 1X5KG,kg,13.2,0.0,,TRS-CHICKPEAS WHITE 1X5KG
GROCERY,Others,UFS7079,TAJ SPRING ROLL PASTRY VEGAN 10X30,item,76.78,0.0,,TAJ SPRING ROLL PASTRY VEGAN 10X30
GROCERY,Others,UFS7080,TYJ SPRING ROOL PASTRY 10INCH X 30 X 20,item,59.99,0.0,,TYJ SPRING ROOL PASTRY 10INCH X 30 X 20
GROCERY,Others,UFS7081,TAJ SAMOSA PADS 25X30S,item,35.98,0.0,,TAJ SAMOSA PADS 25X30S
GROCERY,Others,UFS7083,FOOD COLOUR ORANGE 1X500G,g,3.49,20.0,,FOOD COLOUR ORANGE 1X500G
GROCERY,Others,UFS7085,MAGGI CHILLI SAUCE EX HOT 6X320G,item,11.99,0.0,,MAGGI CHILLI SAUCE EX HOT 6X320G
GROCERY,Others,UFS7092,MDH-CHUNKY CHAT MASSALA 4X500G,g,22.84,0.0,,MDH-CHUNKY CHAT MASSALA 4X500G
GROCERY,Others,UFS7095,ELEPHANT ATTA CHAPATTIS 1X8sX12,item,16.99,0.0,,ELEPHANT ATTA CHAPATTIS 1X8sX12
GROCERY,Others,UFS7100,DISPOSABLE GLOVE 1X100S (BLUE),NOS,4.89,20.0,,DISPOSABLE GLOVE 1X100S (BLUE)
GROCERY,Others,UFS7102,RS-WHITE VINEGAR 1X5 LTR,item,4.99,0.0,,RS-WHITE VINEGAR 1X5 LTR
GROCERY,Others,UFS7103,VANDEVI HING 1X500G VANDEVI,g,6.75,0.0,,VANDEVI HING 1X500G VANDEVI
GROCERY,Others,UFS7114,TL-SUGAR 1X5KG TL,kg,8.69,0.0,,TL-SUGAR 1X5KG TL
GROCERY,Others,UFS7115,TAJ SAMOOSA PADS 5X30S,item,9.89,0.0,,TAJ SAMOOSA PADS 5X30S
GROCERY,Others,UFS7116,DALDA BANASPATI VEG GHEE 1X1KG,item,6.5,0.0,,DALDA BANASPATI VEG GHEE 1X1KG
GROCERY,Others,UFS7118,TRS-SEMOLINA FINE 1X5KG,kg,8.99,0.0,,TRS-SEMOLINA FINE 1X5KG
GROCERY,Others,UFS7121,TS-THAI SWEET CHILLI SAUCE 1X1L,kg,3.89,0.0,,TS-THAI SWEET CHILLI SAUCE 1X1L
GROCERY,Others,UFS7123,MSG-AJINO MOTO 1X1KG,item,6.99,0.0,,MSG-AJINO MOTO 1X1KG
GROCERY,Others,UFS7125,PROWRAP CLING FILM PREM1X450MM,item,9.49,0.0,,PROWRAP CLING FILM PREM1X450MM
GROCERY,Others,UFS7128,BROOM HEAD 1X EACH,item,4.0,0.0,,BROOM HEAD 1X EACH
GROCERY,Others,UFS7130,HEERA TAMARIND SAUCE 1X1LTR,kg,3.3,0.0,,HEERA TAMARIND SAUCE 1X1LTR
GROCERY,Others,UFS7133,LEMON JUICE 12X250ML,item,7.79,0.0,,LEMON JUICE 12X250ML
GROCERY,Others,UFS7137,ELEGANCE FEATHER SOFT T/ROLLS12X4SX1EACH @VAT £2.598,item,12.99,0.0,,ELEGANCE FEATHER SOFT T/ROLLS12X4SX1EACH @VAT £2.598
GROCERY,Others,UFS7138,SUGAR CANDY 1X375G,g,2.79,0.0,,SUGAR CANDY 1X375G
GROCERY,Others,UFS7139,SUGAR COATED FENNEL SEEDS( PANHEERA,g,2.95,0.0,,SUGAR COATED FENNEL SEEDS( PANHEERA
GROCERY,Others,UFS7140,DUCK PINE FRESH FORREST TOILET 8X750ML,item,12.39,0.0,,DUCK PINE FRESH FORREST TOILET 8X750ML
GROCERY,Others,UFS7141,CLEANUX HAND SOAP 5L EACH,item,8.99,0.0,,CLEANUX HAND SOAP 5L EACH
GROCERY,Others,UFS7142,CLEANUX LEMON GEL 5LEACH,item,5.6,0.0,,CLEANUX LEMON GEL 5LEACH
GROCERY,Others,UFS7143,DETTOL SURFACE CLEANSER4X750G,item,7.99,0.0,,DETTOL SURFACE CLEANSER4X750G
GROCERY,Others,UFS7144,MDH CHANA MASALA 1X100GM MDH,g,1.2,0.0,,MDH CHANA MASALA 1X100GM MDH
GROCERY,Others,UFS7146,SOYA MINCE 1X250g trs,g,1.59,0.0,,SOYA MINCE 1X250g trs
GROCERY,Others,UFS7151,BUTTER NUT SQUASH 1X800g-1000g EACH,item,1.99,0.0,,BUTTER NUT SQUASH 1X800g-1000g EACH
GROCERY,Others,UFS7154,AACHI -RASAM POWDER 5X165g,item,11.45,0.0,,AACHI -RASAM POWDER 5X165g
GROCERY,Others,UFS7156,PASCALI PITTED BLACK OLIVE 6X665GM,item,14.84,0.0,,PASCALI PITTED BLACK OLIVE 6X665GM
GROCERY,Others,UFS7157,PASCALI PITTED GREEN OLIVE 6X665GM,item,15.84,0.0,,PASCALI PITTED GREEN OLIVE 6X665GM
GROCERY,Others,UFS7158,TRS-MINT SAUCE 1X2.27kg,kg,6.75,0.0,,TRS-MINT SAUCE 1X2.27kg
GROCERY,Others,UFS7159,SHANKER URID DHAL WHOLE 1X20KG,item,44.0,0.0,,SHANKER URID DHAL WHOLE 1X20KG
GROCERY,Others,UFS7160,CASTLEVIEW CLING FILM 1X300MMX1000FT,item,6.49,0.0,,CASTLEVIEW CLING FILM 1X300MMX1000FT
GROCERY,Others,UFS7161,SHAN-GULAB JAMUN MIX 6X100GMSHAN,g,7.65,0.0,,SHAN-GULAB JAMUN MIX 6X100GMSHAN
GROCERY,Others,UFS7164,GOLGAPPA FRY 10X200G,g,18.99,0.0,,GOLGAPPA FRY 10X200G
GROCERY,Others,UFS7165,PIZZA CHEESE AND TOMATO 1X314GM,item,2.0,0.0,,PIZZA CHEESE AND TOMATO 1X314GM
GROCERY,Others,UFS7169,AUBERGINE 1x5KG,item,15.99,0.0,,AUBERGINE 1x5KG
GROCERY,Others,UFS7170,BUTTERNUT SQUASH BOX 1x1 EACH,item,1.99,0.0,,BUTTERNUT SQUASH BOX 1x1 EACH
GROCERY,Others,UFS7171,TOMATOES VINE -1x5KG,item,12.3,0.0,,TOMATOES VINE -1x5KG
GROCERY,Others,UFS7187,SUNPHARE,item,0.0,0.0,,SUNPHARE
GROCERY,Others,8002361,SAMBAR POWDER 12X160G UFS7494,g,26.99,0.0,,SAMBAR POWDER 12X160G UFS7494
GROCERY,Others,8002362,KITCHEN KING MASALA ( MDH) 10XMDH,g,14.49,1.0,,KITCHEN KING MASALA ( MDH) 10XMDH
GROCERY,Others,8002363,MDH-GARAM MASALA 1X500g MDH,g,7.59,0.0,,MDH-GARAM MASALA 1X500g MDH
GROCERY,Others,8002364,MARIGOLD GLOVES (M)1X6S marigold,NOS,10.2,20.0,,MARIGOLD GLOVES (M)1X6S marigold
GROCERY,Others,8002382,PEANUTS 1X1.5KG,kg,6.33,0.0,,PEANUTS 1X1.5KG
GROCERY,Others,8002387,MDH-CHUNKY CHAT MASALA 1X500G,g,5.99,0.0,,MDH-CHUNKY CHAT MASALA 1X500G
GROCERY,Others,8002391,DH VINEGAR 12X1Ltr,kg,29.98,0.0,,DH VINEGAR 12X1Ltr
GROCERY,Others,8002392,DH VINEGAR 1X1Ltr,kg,3.49,0.0,,DH VINEGAR 1X1Ltr
GROCERY,Others,8002403,GOL GAPPA FRY 10X200G,g,17.2,0.0,,GOL GAPPA FRY 10X200G
GROCERY,Others,8002407,TRS-BLACK SALT ( KALA NAMAK) 10X100G,g,10.29,0.0,,TRS-BLACK SALT ( KALA NAMAK) 10X100G
GROCERY,Others,8002410,TS-PEANUTS PINK 6X1.5KG,kg,37.99,0.0,,TS-PEANUTS PINK 6X1.5KG
GROCERY,Others,8002411,PISTACHIO KERNELS 1X750G,g,18.25,0.0,,PISTACHIO KERNELS 1X750G
GROCERY,Others,8002421,POPPY SEEDS WHITE 10X250G,g,21.99,0.0,,POPPY SEEDS WHITE 10X250G
GROCERY,Others,8002422,POPPY SEEDS WHITE 1X250G,item,2.3,0.0,,POPPY SEEDS WHITE 1X250G
GROCERY,Others,8002430,BEV-LEMON JUICE 1X 4Ltr,NOS,7.99,0.0,,BEV-LEMON JUICE 1X 4Ltr
GROCERY,Others,8002443,LEMON DRESSING 1X4LTR,DRM,7.2,0.0,,LEMON DRESSING 1X4LTR
GROCERY,Others,8002445,MASOOR DAL 1X20KG,kg,29.99,0.0,,MASOOR DAL 1X20KG
GROCERY,Others,8002451,ITALIANA PASTA 1X2KG,kg,5.89,0.0,,ITALIANA PASTA 1X2KG
GROCERY,Others,8002452,PALM VINEGAR 1X750ML,g,2.1,0.0,,PALM VINEGAR 1X750ML
GROCERY,Others,8002459,MASALA TEA BAG 1X240s,NOS,12.49,0.0,,MASALA TEA BAG 1X240s
GROCERY,Others,8002462,LAZIZA-KHEER MIX STD 6X155G,g,13.99,0.0,,LAZIZA-KHEER MIX STD 6X155G
GROCERY,Others,8002468,T/S BICARBONATED OF SODA 1X1KGTROPICAL SUN,kg,5.99,0.0,,T/S BICARBONATED OF SODA 1X1KGTROPICAL SUN
GROCERY,Others,8002472,RED KIDNEY BEANS 1X2KG,kg,5.65,0.0,,RED KIDNEY BEANS 1X2KG
GROCERY,Others,8002473,NYLON SEV 1X1KG,kg,5.55,0.0,,NYLON SEV 1X1KG
GROCERY,Others,8002484,VIS-SOYA CHUNK NANO 1X100G,g,0.95,0.0,,VIS-SOYA CHUNK NANO 1X100G
GROCERY,Others,8002485,T-S -FOOD COLOUR EGG YELLOW 1XTROPICAL SUN,g,3.49,20.0,,T-S -FOOD COLOUR EGG YELLOW 1XTROPICAL SUN
GROCERY,Others,8002486,T-S -FOOD COLOUR BRIGHT RED 1X500G,g,3.49,20.0,,T-S -FOOD COLOUR BRIGHT RED 1X500G
GROCERY,Others,8002487,LION - SALAD CREAM 1X2.27L,g,7.99,0.0,,LION - SALAD CREAM 1X2.27L
GROCERY,Others,8002488,HELLMANNS MAYONNAISE 1X5KG,kg,26.99,0.0,,HELLMANNS MAYONNAISE 1X5KG
GROCERY,Others,8002501,MDH-KASOORI METI 1X100G,g,1.35,0.0,,MDH-KASOORI METI 1X100G
GROCERY,Others,8002504,PINEAPPLE ESSENCE 12X28ML,g,4.99,0.0,,PINEAPPLE ESSENCE 12X28ML
GROCERY,Others,8002510,WHITE SESAME SEEDS 1X400G,g,3.59,0.0,,WHITE SESAME SEEDS 1X400G
GROCERY,Others,8002511,AMOY SUPREME LIGHT SOYA SAUCE 1X500ML,g,2.49,0.0,,AMOY SUPREME LIGHT SOYA SAUCE 1X500ML
GROCERY,Others,8002513,T\/S HONEY 1X1KG ( PREMIUM) TOPICAL SUN,kg,7.55,0.0,,T\/S HONEY 1X1KG ( PREMIUM) TOPICAL SUN
GROCERY,Others,8002523,PALM SUGAR 1X500G,g,2.25,0.0,,PALM SUGAR 1X500G
GROCERY,Others,8002524,FRIED GREEN PEAS1X175G,g,1.75,0.0,,FRIED GREEN PEAS1X175G
GROCERY,Others,8002525,TUTI FRUTI 1X300G,g,2.99,0.0,,TUTI FRUTI 1X300G
GROCERY,Others,8002526,SUGAR 1X1KG,kg,1.15,0.0,,SUGAR 1X1KG
GROCERY,Others,8002527,MALDIVE FISH 1X100G,g,1.3,0.0,,MALDIVE FISH 1X100G
GROCERY,Others,8002530,BLACK SESAMI SEEDS 20X100G,g,15.99,0.0,,BLACK SESAMI SEEDS 20X100G
GROCERY,Others,8002533,RICE NOODLES 1X200G,g,1.35,0.0,,RICE NOODLES 1X200G
GROCERY,Others,8002539,WHOLE MELON SEEDS 1X200G,g,3.1,0.0,,WHOLE MELON SEEDS 1X200G
GROCERY,Others,8002546,RICE ADA 1X200G,g,1.99,0.0,,RICE ADA 1X200G
GROCERY,Others,8002558,HEERA-PISTACHIO KERNELS 1X700G,g,16.62,0.0,,HEERA-PISTACHIO KERNELS 1X700G
GROCERY,Others,8002559,GARLIC MURUKKU 1X150G,g,1.35,0.0,,GARLIC MURUKKU 1X150G
GROCERY,Others,8002560,THATTA MURUKKU 1X135G,g,1.29,0.0,,THATTA MURUKKU 1X135G
GROCERY,Others,8002567,TRS SOYA CHUNKS 6X500G,g,15.8,0.0,,TRS SOYA CHUNKS 6X500G
GROCERY,Others,8002568,TRS SOYA CHUNKS 1X500G,g,2.69,0.0,,TRS SOYA CHUNKS 1X500G
GROCERY,Others,8002583,MD-COCONUT VINEGAR 1X750ML,g,2.1,0.0,,MD-COCONUT VINEGAR 1X750ML
GROCERY,Others,8002585,BLANCHED PEANUTS 1X500G,g,1.89,0.0,,BLANCHED PEANUTS 1X500G
GROCERY,Others,8002599,FOOD COLOUR GREEN 1X500G,g,3.49,20.0,,FOOD COLOUR GREEN 1X500G
GROCERY,Others,8002606,WHITE SESAME SEEDS 1X300G,g,1.99,0.0,,WHITE SESAME SEEDS 1X300G
GROCERY,Others,8002618,BURGER SAUCE 1X1L,kg,2.99,0.0,,BURGER SAUCE 1X1L
GROCERY,Others,8002627,MTR-VERMICILLI ROSTED 1X900G,g,2.79,0.0,,MTR-VERMICILLI ROSTED 1X900G
GROCERY,Others,8002630,GF-PINK ROSE PETAL DRY 8X20G,g,11.58,0.0,,GF-PINK ROSE PETAL DRY 8X20G
GROCERY,Others,8002631,GF-PINK ROSE PETAL DRY 1X20G,g,1.58,0.0,,GF-PINK ROSE PETAL DRY 1X20G
GROCERY,Others,8002637,MARIGOLD GLOVES (XL)1X6S,NOS,10.2,20.0,,MARIGOLD GLOVES (XL)1X6S
GROCERY,Others,8002638,BALA TOMATO KETCHUP 1X4KG,kg,5.99,0.0,,BALA TOMATO KETCHUP 1X4KG
GROCERY,Others,8002639,AMOY DARK SOYA SAUCE 1X500G,g,2.65,0.0,,AMOY DARK SOYA SAUCE 1X500G
GROCERY,Others,8002656,KT-SOYA CHUNKS NANO 1X200G,g,1.35,0.0,,KT-SOYA CHUNKS NANO 1X200G
GROCERY,Others,8002660,SAXA-ROCK SALT 1X350G,g,1.58,0.0,,SAXA-ROCK SALT 1X350G
GROCERY,Others,8002661,PEGASUS- SEA SALT COARSE 1X750G,g,1.4,0.0,,PEGASUS- SEA SALT COARSE 1X750G
GROCERY,Others,8002753,SUGAR COATED FENNEL SEEDS( PAN MASALA )1X1KG,kg,4.98,20.0,,SUGAR COATED FENNEL SEEDS( PAN MASALA )1X1KG
GROCERY,Others,8002757,PRIDE- PURE BUTTER GHEE 1X2KG,kg,19.99,0.0,,PRIDE- PURE BUTTER GHEE 1X2KG
GROCERY,Others,8002758,TS-THAI SWEET CHILLI SAUCE 6X1LTR,kg,20.49,0.0,,TS-THAI SWEET CHILLI SAUCE 6X1LTR
GROCERY,Others,8002760,HEERA - MUKHWAS 1X1KG,kg,6.25,0.0,,HEERA - MUKHWAS 1X1KG
GROCERY,Others,8002775,KTC -LEMON JUICE 1X1 LTR,kg,2.45,0.0,,KTC -LEMON JUICE 1X1 LTR
GROCERY,Others,8002776,LIME JUICE 1X1LTR,kg,1.99,0.0,,LIME JUICE 1X1LTR
GROCERY,Others,8002778,TETLEY TEA BAGS 1X1100S,NOS,22.0,0.0,,TETLEY TEA BAGS 1X1100S
GROCERY,Others,8002780,BRU COFFEE POWDER ( INSTANT)1X200G,g,7.49,0.0,,BRU COFFEE POWDER ( INSTANT)1X200G
GROCERY,Others,8002781,BRU COFFEE POWDER ( INSTANT)1X100G,g,6.29,0.0,,BRU COFFEE POWDER ( INSTANT)1X100G
GROCERY,Others,8002787,KOLEE -EGG NOODLES 1X375G,g,2.1,0.0,,KOLEE -EGG NOODLES 1X375G
GROCERY,Others,8002788,KOLEE -EGG NOODLES 8X375G,g,16.4,0.0,,KOLEE -EGG NOODLES 8X375G
GROCERY,Others,8002789,KTC -LEMON JUICE 6X1 LTR,g,14.49,0.0,,KTC -LEMON JUICE 6X1 LTR
GROCERY,Others,8002791,BALA KASOORI METHI1X1KG,kg,11.79,0.0,,BALA KASOORI METHI1X1KG
GROCERY,Others,8002797,BOONDI 1X200G,g,1.09,0.0,,BOONDI 1X200G
GROCERY,Others,8002802,PRB-SOY SAUCE ( Superior Dark ) 1x8L,kg,13.99,0.0,,PRB-SOY SAUCE ( Superior Dark ) 1x8L
GROCERY,Others,8002803,PRB-SOY SAUCE ( Superior Light ) 1x8L,kg,13.89,0.0,,PRB-SOY SAUCE ( Superior Light ) 1x8L
GROCERY,Others,8002804,SEMOLINA COARSE 1X16KG,kg,23.49,0.0,,SEMOLINA COARSE 1X16KG
GROCERY,Others,8002816,HEERA WHITE SESAME SEEDS 1X1 KUFS7667,kg,5.21,0.0,,HEERA WHITE SESAME SEEDS 1X1 KUFS7667
GROCERY,Others,8002825,ROYAL -RASSOMALAI 1X450G,g,4.45,0.0,,ROYAL -RASSOMALAI 1X450G
GROCERY,Others,8002827,FRIED ONION 1X2.5KG,g,13.69,0.0,,FRIED ONION 1X2.5KG
GROCERY,Others,8002828,TOP-OP CHINA GRASS1X250G,g,2.1,0.0,,TOP-OP CHINA GRASS1X250G
GROCERY,Others,8002829,WHITE POWA MEDIUM 1X1KG,kg,2.49,0.0,,WHITE POWA MEDIUM 1X1KG
GROCERY,Coconut Items,UFS339,CHAOKOH COCONUT MILK 6X2.9L,item,49.49,0.0,,CHAOKOH COCONUT MILK 6X2.9L
GROCERY,Coconut Items,UFS62,CHAOKOH COCONUT MILK 1X400ML,item,1.99,0.0,,CHAOKOH COCONUT MILK 1X400ML
GROCERY,Coconut Items,UFS388,KTC COCONUT MILK 12X400ML,item,11.99,0.0,,KTC COCONUT MILK 12X400ML
GROCERY,Coconut Items,UFS76,TS-DESICCATED COCONUT 1KG MEDIUM,kg,6.53,0.0,,TS-DESICCATED COCONUT 1KG MEDIUM
GROCERY,Coconut Items,UFS7026,TRS -COCONUT MILK 12X400ML,item,13.11,0.0,,TRS -COCONUT MILK 12X400ML
GROCERY,Coconut Items,8002419,DESICCATED COCONUT FINE 6X1KG,kg,39.13,0.0,,DESICCATED COCONUT FINE 6X1KG
GROCERY,Coconut Items,8002420,DESICCATED COCONUT FINE1X1KG,g,6.65,0.0,,DESICCATED COCONUT FINE1X1KG
GROCERY,Coconut Items,8002476,TS- COCONUT CREAMED 12X200G,g,17.53,0.0,,TS- COCONUT CREAMED 12X200G
GROCERY,Coconut Items,8002540,COCONUT CHIPS 1X100G,g,1.45,0.0,,COCONUT CHIPS 1X100G
GROCERY,Coconut Items,8002798,HEERA-DESICCATED COCONUT MEDIUM 1X25KG,kg,104.0,0.0,,HEERA-DESICCATED COCONUT MEDIUM 1X25KG
GROCERY,Coconut Items,8002814,AROY -D COCONUT MILK 1X1LTR,kg,2.99,0.0,,AROY -D COCONUT MILK 1X1LTR
GROCERY,Coconut Items,8002867,TS- DESSICATED COCONUT 1X1KG,kg,4.35,0.0,,TS- DESSICATED COCONUT 1X1KG
GROCERY,Coconut Items,80021396,VVR- Coconut milk (1x400ml),ml,0.85,0.0,,VVR- Coconut milk (1x400ml)
GROCERY,Dal,UFS369,TOOR DAL OILY 5KG,kg,13.99,0.0,,TOOR DAL OILY 5KG
GROCERY,Dal,UFS75,TOOR DAL PLAIN 2KG,kg,5.5,0.0,,TOOR DAL PLAIN 2KG
GROCERY,Dal,UFS359,RED MASOOR DAL SPLIT 1X2KG,kg,3.3,0.0,,RED MASOOR DAL SPLIT 1X2KG
GROCERY,Dal,UFS386,HEERA-CHANA DAL 1X2KG,kg,4.38,0.0,,HEERA-CHANA DAL 1X2KG
GROCERY,Dal,UFS349,SHANKAR -DARIA DAL 1X1KG,kg,3.48,0.0,,SHANKAR -DARIA DAL 1X1KG
GROCERY,Dal,UFS300A,PL-URID GOTA 1X12.5KG,kg,29.89,0.0,,PL-URID GOTA 1X12.5KG
GROCERY,Dal,ufs7003,HEERA MUNG DAL 1x2KG,kg,5.19,0.0,,HEERA MUNG DAL 1x2KG
GROCERY,Dal,UFS7023,PL-URID DAL SPLIT 1X12.5KG,kg,28.99,0.0,,PL-URID DAL SPLIT 1X12.5KG
GROCERY,Dal,UFS7024,PL-CHANA DAL 1X12.5KG,kg,21.23,0.0,,PL-CHANA DAL 1X12.5KG
GROCERY,Dal,UFS7045,PL-MASOOR DAL (RED SPLIT LENTILS) 1X10KG,kg,19.5,0.0,,PL-MASOOR DAL (RED SPLIT LENTILS) 1X10KG
GROCERY,Dal,UFS7046,PL-MUNG DAL 1X12.5KG,kg,24.68,0.0,,PL-MUNG DAL 1X12.5KG
GROCERY,Dal,UFS7059,TRS URID DAL SPLIT 1X5KG,kg,17.29,0.0,,TRS URID DAL SPLIT 1X5KG
GROCERY,Dal,UFS7061,HEERA-TOOR DAL OILY 1X25KG,kg,63.89,0.0,,HEERA-TOOR DAL OILY 1X25KG
GROCERY,Dal,UFS7155,PL-CHANA DAL 1X3.5KG,kg,6.78,0.0,,PL-CHANA DAL 1X3.5KG
GROCERY,Dal,8002376,MASOOR DAL WHOLE ( BROWN) 1X2KG,kg,3.6,0.0,,MASOOR DAL WHOLE ( BROWN) 1X2KG
GROCERY,Dal,8002412,MIXED LENTILS 1X2KG,kg,5.89,0.0,,MIXED LENTILS 1X2KG
GROCERY,Dal,8002435,TRS CHANA DAL 1X5KG,kg,12.99,0.0,,TRS CHANA DAL 1X5KG
GROCERY,Dal,8002467,TRS- MUNG DAL 1X5KG,kg,14.2,0.0,,TRS- MUNG DAL 1X5KG
GROCERY,Dal,8002535,MC-VANPAYAR 1X1KG,kg,3.89,0.0,,MC-VANPAYAR 1X1KG
GROCERY,Dal,8002581,TOOR DAL OILY 1X2KG,kg,5.25,0.0,,TOOR DAL OILY 1X2KG
GROCERY,Dal,8002582,TOOR DAL OILY 6X2KG,kg,32.99,0.0,,TOOR DAL OILY 6X2KG
GROCERY,Dal,8002593,HEERA-CHANA DAL 6X2KG,kg,23.99,0.0,,HEERA-CHANA DAL 6X2KG
GROCERY,Dal,8002601,HEERA -MUNG DAL CHILKA 1X2KG,kg,4.88,0.0,,HEERA -MUNG DAL CHILKA 1X2KG
GROCERY,Dal,8002623,HEERA-URID DAL SPLIT 1X2KG,kg,4.95,0.0,,HEERA-URID DAL SPLIT 1X2KG
GROCERY,Dal,8002823,MUNG DAL WHOLE 1X2KG,kg,3.98,0.0,,MUNG DAL WHOLE 1X2KG
GROCERY,Dal,8002854,SPLIT BLACK LENTILS 1X2KG CHILKKA,kg,5.65,0.0,,SPLIT BLACK LENTILS 1X2KG CHILKKA
GROCERY,Dal,8002855,URID DAL BLACK WHOLE 1X2KG,kg,5.35,0.0,,URID DAL BLACK WHOLE 1X2KG
GROCERY,Dal,8002859,FRIED MOONG DAL 1X200G,g,2.35,0.0,,FRIED MOONG DAL 1X200G
GROCERY,Dairy,UFS41,KHANUM BUTTER GHEE 2KG,kg,19.99,0.0,,KHANUM BUTTER GHEE 2KG
GROCERY,Dairy,8002394,DALDA BANASPATI VEG GHEE 1X1KG,kg,5.98,0.0,,DALDA BANASPATI VEG GHEE 1X1KG
GROCERY,Dairy,8002402,DESI GHEE 1X2KG,kg,15.89,0.0,,DESI GHEE 1X2KG
GROCERY,Dairy,8002434,LR-SINGAL CREAM 12x1L,PKT,23.99,0.0,,LR-SINGAL CREAM 12x1L
GROCERY,Dairy,8002439,UNSALTED BUTTER 20x250G,g,45.99,0.0,,UNSALTED BUTTER 20x250G
GROCERY,Dairy,8002453,EGG 1X180 ( LARGE ) EACH (15 DOZ),dozen,46.35,0.0,,EGG 1X180 ( LARGE ) EACH (15 DOZ)
GROCERY,Dairy,8002469,GREEK YOGHURT 1X5LTR,kg,12.49,0.0,,GREEK YOGHURT 1X5LTR
GROCERY,Dairy,8002470,WHOLE MILK 1X2L,DRM,2.35,0.0,,WHOLE MILK 1X2L
GROCERY,Dairy,8002512,FRESH DOUBLE CREAM 1X1L,PKT,4.99,0.0,,FRESH DOUBLE CREAM 1X1L
GROCERY,Dairy,8002518,EGG1X30 DOZEN (MEDIUM ) ( 360 EGGS),DOZ,66.49,0.0,,EGG1X30 DOZEN (MEDIUM ) ( 360 EGGS)
GROCERY,Dairy,8002538,NATCO -MILK POWDER 10X750G,g,79.99,0.0,,NATCO -MILK POWDER 10X750G
GROCERY,Dairy,8002621,DAIRY VALLEY PANEER BLOCK 1X1KG,kg,6.99,0.0,,DAIRY VALLEY PANEER BLOCK 1X1KG
GROCERY,Dairy,8002636,DESI GHEE 1X2KG,kg,15.89,0.0,,DESI GHEE 1X2KG
GROCERY,Dairy,8002640,PANEER BLOCK 1X2KG,kg,17.99,0.0,,PANEER BLOCK 1X2KG
GROCERY,Dairy,8002658,TAJ MAHAL VEGETABLE GHEE 1X12.5L,DRM,24.99,0.0,,TAJ MAHAL VEGETABLE GHEE 1X12.5L
GROCERY,Dairy,8002744,UNSALTED BUTTER 10X250G,g,23.75,0.0,,UNSALTED BUTTER 10X250G
GROCERY,Dairy,8002745,UNSALTED BUTTER 1X250G,g,2.3,0.0,,UNSALTED BUTTER 1X250G
GROCERY,Dairy,8002756,LR-SINGAL CREAM 1x1L,PKT,2.1,0.0,,LR-SINGAL CREAM 1x1L
GROCERY,Dairy,8002806,TOFU 1X500G,kg,1.99,0.0,,TOFU 1X500G
GROCERY,Dairy,8002815,EGG 1X360 ( LARGE ) EACH (30 DOZ),DOZ,66.49,0.0,,EGG 1X360 ( LARGE ) EACH (30 DOZ)
GROCERY,Dairy,8002876,LANCASHIRE FARM GREEK YOGURT 1X1KG,kg,3.99,0.0,,LANCASHIRE FARM GREEK YOGURT 1X1KG
GROCERY,Dairy,80021525,EGG1X20 DOZEN ( 240 EGGS),doz,49.49,0.0,,EGG1X20 DOZEN ( 240 EGGS)
GROCERY,Dry Fruits,UFS341,WHOLE CASHEW NUTS 1X1KG,g,8.9,0.0,,WHOLE CASHEW NUTS 1X1KG
GROCERY,Dry Fruits,UFS336,HEERA -GOLDEN SULTANA -RAISINS 1X700G,g,3.88,0.0,,HEERA -GOLDEN SULTANA -RAISINS 1X700G
GROCERY,Dry Fruits,UFS357,ALMOND 1X750 G,g,6.89,0.0,,ALMOND 1X750 G
GROCERY,Dry Fruits,UFS7099,ALMOND POWDER 1X750KG,kg,8.86,0.0,,ALMOND POWDER 1X750KG
GROCERY,Dry Fruits,UFS7124,TRS BROKEN CASHEW NUTS 1X750G,item,5.5,0.0,,TRS BROKEN CASHEW NUTS 1X750G
GROCERY,Dry Fruits,8002373,BROKEN CASHEW NUTS 1X1KG,kg,6.25,0.0,,BROKEN CASHEW NUTS 1X1KG
GROCERY,Dry Fruits,8002418,TRS- GOLDEN SULTANAS ( RAISINS) 1X750G,g,4.66,0.0,,TRS- GOLDEN SULTANAS ( RAISINS) 1X750G
GROCERY,Dry Fruits,8002423,TRS BROKEN CASHEW NUTS 6X750G,g,31.99,0.0,,TRS BROKEN CASHEW NUTS 6X750G
GROCERY,Dry Fruits,8002464,TL-BROKEN CASHEW NUTS BULK 50lb 1X22KG,kg,130.0,0.0,,TL-BROKEN CASHEW NUTS BULK 50lb 1X22KG
GROCERY,2 SEV ITEMS,8002858,SEV-GUJURATI THIN 1X200G,g,1.3,0.0,,SEV-GUJURATI THIN 1X200G
GROCERY,2 SEV ITEMS,8002861,ALOO BHUJIA 1X200G,g,2.49,0.0,,ALOO BHUJIA 1X200G
GROCERY,2 SEV ITEMS,80021538,FAR FAR POTATO CRINKLE 1X250G,g,2.66,0.0,,FAR FAR POTATO CRINKLE 1X250G
GROCERY,2 SEV ITEMS,80021543,JAIMIN -JEERA KITCHIYA 1X200G,g,1.89,0.0,,JAIMIN -JEERA KITCHIYA 1X200G
GROCERY,2 SEV ITEMS,80021544,JAIMIN - GREEN CHILLI KITCHIYA 1X200G,g,1.89,0.0,,JAIMIN - GREEN CHILLI KITCHIYA 1X200G
GROCERY,2 OTHERS,8002878,MAGGI CHICKEN CUBES 1X60X10G (1X600g),g,4.89,0.0,,MAGGI CHICKEN CUBES 1X60X10G (1X600g)
GROCERY,2 OTHERS,8002884,LG ASAFAETIDA BLOCK 1X50G,g,1.4,0.0,,LG ASAFAETIDA BLOCK 1X50G
GROCERY,2 OTHERS,8002889,TATE & LYLE ICING SUGAR 1X1KG,kg,2.2,0.0,,TATE & LYLE ICING SUGAR 1X1KG
GROCERY,2 OTHERS,8002890,BLACK SALT-1X400G,g,1.65,0.0,,BLACK SALT-1X400G
GROCERY,2 OTHERS,8002906,HEERA-ALMOND POWDER 1X1KG,g,12.1,0.0,,HEERA-ALMOND POWDER 1X1KG
GROCERY,2 OTHERS,8002918,SHREE KRISHNA DARIA DALL1X750g,g,2.61,0.0,,SHREE KRISHNA DARIA DALL1X750g
GROCERY,2 OTHERS,8002923,ROUND RED CHILLI ( GUNDU MULAKU )1X100G,g,1.68,0.0,,ROUND RED CHILLI ( GUNDU MULAKU )1X100G
GROCERY,2 OTHERS,8002926,MAGGI CHILLI SAUCE WITH GARLIC 6X305G,ml,11.99,0.0,,MAGGI CHILLI SAUCE WITH GARLIC 6X305G
GROCERY,2 OTHERS,8002961,HEERA KALONJEE1X1KG,kg,5.2,0.0,,HEERA KALONJEE1X1KG
GROCERY,2 OTHERS,80021029,TRS-NUTMEG 1X100GM,g,2.99,0.0,,TRS-NUTMEG 1X100GM
GROCERY,2 OTHERS,80021030,T&L LIGHT BROWN SUGAR 1X3KG,kg,7.89,0.0,,T&L LIGHT BROWN SUGAR 1X3KG
GROCERY,2 OTHERS,80021154,MD NELLI CORDIAL 1X750ML,ml,4.89,0.0,,MD NELLI CORDIAL 1X750ML
GROCERY,2 OTHERS,80021358,HEERA-GOL GAPPA FRY 10X250G( PANI PURI),g,23.89,0.0,,HEERA-GOL GAPPA FRY 10X250G( PANI PURI)
GROCERY,2 OTHERS,80021359,HEERA-GOL GAPPA FRY ( PANI PURI) 1X250G,g,2.48,0.0,,HEERA-GOL GAPPA FRY ( PANI PURI) 1X250G
GROCERY,2 OTHERS,80021417,NATCO-SUGAR CANDY 20X100G,g,11.89,0.0,,NATCO-SUGAR CANDY 20X100G
GROCERY,2 OTHERS,80021418,NATCO-CANDY SUGAR 1X100G,g,0.69,0.0,,NATCO-CANDY SUGAR 1X100G
GROCERY,2 OTHERS,80021444,HEERA-URID GOTA 1X25KG,kg,49.89,0.0,,HEERA-URID GOTA 1X25KG
GROCERY,2 OTHERS,80021445,VVR DARIA DAL 6X750G,g,14.99,0.0,,VVR DARIA DAL 6X750G
GROCERY,2 OTHERS,80021447,AANI-CUMIN POWDER 6X1KG,kg,45.99,0.0,,AANI-CUMIN POWDER 6X1KG
GROCERY,2 OTHERS,80021463,TOP-OP -TAMARIND CONCENTRATE 12X227G,g,18.99,0.0,,TOP-OP -TAMARIND CONCENTRATE 12X227G
GROCERY,2 OTHERS,80021464,BUENAS- PALM VINEGAR 1X750ML,ml,2.1,0.0,,BUENAS- PALM VINEGAR 1X750ML
GROCERY,2 OTHERS,80021471,BAKING POWDER 1X1KG,kg,5.99,0.0,,BAKING POWDER 1X1KG
GROCERY,2 OTHERS,80021481,VANDEVI-HING 5X100G,g,8.99,0.0,,VANDEVI-HING 5X100G
GROCERY,2 OTHERS,80021482,JUMBO CHICKEN STOCK POWDER 1X1KG,kg,5.75,0.0,,JUMBO CHICKEN STOCK POWDER 1X1KG
GROCERY,2 OTHERS,80021494,KTC- LIME JUICE 4X250ML,ml,8.89,0.0,,KTC- LIME JUICE 4X250ML
GROCERY,2 OTHERS,80021495,KTC- LIME JUICE 1X250 ML,ml,0.85,0.0,,KTC- LIME JUICE 1X250 ML
GROCERY,2 OTHERS,80021539,KNORR - CHICKEN POWDER 1 X 990GM,g,9.1,0.0,,KNORR - CHICKEN POWDER 1 X 990GM
GROCERY,2 OTHERS,80021547,AROY D - TAMARIND PASTE (CONCENTRATE) 6X454G,g,15.99,0.0,,AROY D - TAMARIND PASTE (CONCENTRATE) 6X454G
GROCERY,2 OTHERS,80021548,HEERA -RED PAN MASALA MUKHWAS 1x300g,g,3.28,0.0,,HEERA -RED PAN MASALA MUKHWAS 1x300g
GROCERY,2 OTHERS,80021552,CL - TOMATO KETCHUP 1 X 4.5 LTR,ml,7.99,0.0,,CL - TOMATO KETCHUP 1 X 4.5 LTR
GROCERY,2 OTHERS,80021556,MC- CURD CHILLI 1X100G,g,1.99,0.0,,MC- CURD CHILLI 1X100G
GROCERY,2 OTHERS,80021560,TS-VEGETABLE STOCK POWDER 1X1KG,kg,4.49,0.0,,TS-VEGETABLE STOCK POWDER 1X1KG
GROCERY,2 FOOD COLOUR,8002898,TRS DEEP ORANGE COLOUR 1X500G,g,3.75,20.0,,TRS DEEP ORANGE COLOUR 1X500G
GROCERY,2 FOOD COLOUR,80021527,BALA-DEEP ORANGE FOOD COLOUR 1X400G,g,2.49,20.0,,BALA-DEEP ORANGE FOOD COLOUR 1X400G
KITCHEN UTILITY PRODUCT,,8002900,GSD-UTILITY LIGHTERS1X1EACH,nos,1.25,20.0,,GSD-UTILITY LIGHTERS1X1EACH
NOODLES NOODLES,,8002830,LONG LIFE EGG NOODLES 6X400G,g,17.49,0.0,,LONG LIFE EGG NOODLES 6X400G
NOODLES NOODLES,,8002897,JB LONG LIFE EGG NOODLES 6X400G,g,8.89,0.0,,JB LONG LIFE EGG NOODLES 6X400G
NUTS,,80021537,CASHEW NUTS SPLIT 1X1KG,kg,7.8,0.0,,CASHEW NUTS SPLIT 1X1KG
NUTS,,80021563,FUDCO - WALNUT 1 X 600G,g,10.49,0.0,,FUDCO - WALNUT 1 X 600G
OFFICE ACCESSORIES PRINTING ROLL,,8002819,VEGA TILL ROLLS (80MMX80M) 1X5S,ROL,6.39,20.0,,VEGA TILL ROLLS (80MMX80M) 1X5S
PACKING,Containers,UFS109,SATCO PASTIC CONTAINERS & LIDS : 250X500ML,NOS,31.89,20.0,,SATCO PASTIC CONTAINERS & LIDS : 250X500ML
PACKING,Containers,UFS226,BROWN CARRIER BAG LARGE (260X140X290MM) (250SX1 EACH),BOX,17.99,20.0,,BROWN CARRIER BAG LARGE (260X140X290MM) (250SX1 EACH)
PACKING,Containers,UFS389,"FOIL BAGS 7X9X12""(1X500s) IDLY RICE 1X20KG",NOS,22.3,20.0,,"FOIL BAGS 7X9X12""(1X500s) IDLY RICE 1X20KG"
PACKING,Containers,UFS7066,JUMBO PLAIN WHITE VEST CARRIER 13X19X23'' ( 10X100S),NOS,19.99,0.0,,JUMBO PLAIN WHITE VEST CARRIER 13X19X23'' ( 10X100S)
PACKING,Containers,UFS7069,SATCO PLASTICS CHUTNEY B 4OZX800S,NOS,25.99,0.0,,SATCO PLASTICS CHUTNEY B 4OZX800S
PACKING,Containers,UFS7120,SATCO PLASTIC CONTAINERS &LIDS 250SX650ML,NOS,31.99,20.0,,SATCO PLASTIC CONTAINERS &LIDS 250SX650ML
PACKING,Containers,UFS7122,SATCO PLASTIC CUPS 8 OZ X 225X1EACH,NOS,22.49,20.0,,SATCO PLASTIC CUPS 8 OZ X 225X1EACH
PACKING,Containers,8002371,BIN BAG HERCULES BLACK RESFUSE 18X29X39,NOS,27.89,20.0,,BIN BAG HERCULES BLACK RESFUSE 18X29X39
PACKING,Containers,8002381,BULE VEST CARRIER BAG GIANT 10X100s,NOS,17.49,20.0,,BULE VEST CARRIER BAG GIANT 10X100s
PACKING,Containers,8002395,PROWRAP CLING FILM PREM1X450MM,ROL,9.49,20.0,,PROWRAP CLING FILM PREM1X450MM
PACKING,Containers,8002431,PROWRAP CLING FILM PREM1X300MX300MM,ROL,7.1,20.0,,PROWRAP CLING FILM PREM1X300MX300MM
PACKING,Containers,8002432,MATCHES BOX 1X12PK,PKT,6.99,20.0,,MATCHES BOX 1X12PK
PACKING,Containers,8002460,WHITE CARRIER BAG SMALL 20X100S,PKT,16.3,20.0,,WHITE CARRIER BAG SMALL 20X100S
PACKING,Containers,8002463,PROWRAP ALUMINIUM FOIL 450X75M,ROL,8.89,20.0,,PROWRAP ALUMINIUM FOIL 450X75M
PACKING,Containers,8002534,PROWRAP NON-STICK BAKING ( PARCHMENT 450,ROL,5.99,20.0,,PROWRAP NON-STICK BAKING ( PARCHMENT 450
PACKING,Containers,8002554,SWIFT -WHITE SERVICE NAPKINS( TISSUE )10X500S,PKT,22.99,20.0,,SWIFT -WHITE SERVICE NAPKINS( TISSUE )10X500S
PACKING,Containers,8002586,BROWN BAG SMALL 1X250S,BOX,11.89,20.0,,BROWN BAG SMALL 1X250S
PACKING,Containers,8002595,BIO BAGASSE DISPOSABLE PLATES 3 COMP 1OINCH 1X25s,nos,4.75,20.0,,BIO BAGASSE DISPOSABLE PLATES 3 COMP 1OINCH 1X25s
PACKING,Containers,8002624,BROWN BAGS MEDIUM 1X250s,BOX,15.99,20.0,,BROWN BAGS MEDIUM 1X250s
PACKING,Containers,8002625,KRAFT BAG (papadum bag ) (10X10 INC )1X1000S,nos,10.2,20.0,,KRAFT BAG (papadum bag ) (10X10 INC )1X1000S
PACKING,Containers,8002628,PPS BAGASSE TRY 5 COM2( TALI PLATE ) 1X50S,NOS,8.59,20.0,,PPS BAGASSE TRY 5 COM2( TALI PLATE ) 1X50S
PACKING,Containers,8002629,METHANOL GEL CHAFING FUEL 1X12S,nos,13.59,20.0,,METHANOL GEL CHAFING FUEL 1X12S
PACKING,Containers,8002655,SATCO 2OZ CHUTNEY CUPS 1X800s,NOS,23.99,20.0,,SATCO 2OZ CHUTNEY CUPS 1X800s
PACKING,Containers,8002748,PPS-WOODEN SPOON BIO 1X100S,nos,2.1,20.0,,PPS-WOODEN SPOON BIO 1X100S
PACKING,Containers,8002790,KRAFT PAPER BAG (papadum bag )(12X12 INCH )1X500S,nos,7.99,20.0,,KRAFT PAPER BAG (papadum bag )(12X12 INCH )1X500S
PACKING,Containers,8002796,JUTE THREAD SET (10M) 1X3ROLL,ROL,2.55,20.0,,JUTE THREAD SET (10M) 1X3ROLL
PACKING,Containers,8002813,RIPPLE TRIPPLE WALL CUPS /LIDS 8OZ 1X25S,nos,3.2,20.0,,RIPPLE TRIPPLE WALL CUPS /LIDS 8OZ 1X25S
PACKING,Containers,8002818,SATCO 16oz FOOD CUPS 1x150s,nos,18.99,20.0,,SATCO 16oz FOOD CUPS 1x150s
PACKING,Containers,8002832,SATCO 12OZ 1X150S,nos,17.99,20.0,,SATCO 12OZ 1X150S
PACKING,Containers,8002833,WHITE PAPER BAGS MEDIUM (220x110x250mm) 1X250S,nos,18.75,20.0,,WHITE PAPER BAGS MEDIUM (220x110x250mm) 1X250S
PACKING,Containers,8002837,ALUMINUM FOIL TRAY WITH LID XXL 1X2S,nos,5.89,20.0,,ALUMINUM FOIL TRAY WITH LID XXL 1X2S
PACKING,Containers,8002856,HERCULES BLACK RESFUSE BIN BAG 1X50S (18X29X39),NOS,7.2,20.0,,HERCULES BLACK RESFUSE BIN BAG 1X50S (18X29X39)
PACKING,Containers,8002879,28 Oz RECTANGLE BLACK BASE WITH LIDS 1X150S,NOS,32.99,20.0,,28 Oz RECTANGLE BLACK BASE WITH LIDS 1X150S
PACKING,Containers,8002880,16 Oz ROUND BLACK BASE WITH LIDS 1X150S,NOS,25.99,20.0,,16 Oz ROUND BLACK BASE WITH LIDS 1X150S
PACKING,Containers,8002881,12 Oz ROUND BLACK BASE WITH LIDS 1X150S,NOS,21.89,20.0,,12 Oz ROUND BLACK BASE WITH LIDS 1X150S
PACKING,Containers,8002882,BIRCHWOOD 4IN 1 FORK+KNIFE+SPOON +2PLY NAPKIN 1X250S,NOS,19.99,20.0,,BIRCHWOOD 4IN 1 FORK+KNIFE+SPOON +2PLY NAPKIN 1X250S
PACKING,Containers,8002907,MAJESTIC - JUMBO CLING FILM POLY -WRAP 450MMX300M,ROL,6.27,20.0,,MAJESTIC - JUMBO CLING FILM POLY -WRAP 450MMX300M
PACKING,Containers,8002909,LARGE WHITE PAPER BAG 1X250s,nos,19.99,20.0,,LARGE WHITE PAPER BAG 1X250s
PACKING,Containers,8002910,JUMBO CATERING ALUMINIUM FOIL(450MMX 75M ),ROL,6.38,20.0,,JUMBO CATERING ALUMINIUM FOIL(450MMX 75M )
PACKING,Containers,8002914,750ml ROUND KRAFT MULTI -FOOD BOWLS 1X300S,NOS,36.89,20.0,,750ml ROUND KRAFT MULTI -FOOD BOWLS 1X300S
PACKING,Containers,8002915,750ml ROUND KRAFT MULTI -FOOD BOWLS CLEAR LIDS 1X300S,nos,16.99,20.0,,750ml ROUND KRAFT MULTI -FOOD BOWLS CLEAR LIDS 1X300S
PACKING,Containers,8002916,2oz HINGED SAUCE CUPS -1X1000S (56ML),nos,19.48,20.0,,2oz HINGED SAUCE CUPS -1X1000S (56ML)
PACKING,Containers,8002917,4oz HINGED SAUCE CUPS -1X500S,nos,19.99,20.0,,4oz HINGED SAUCE CUPS -1X500S
PACKING,Containers,8002919,RECTANGULAR KRAFT BOWL 1X300X500ML,nos,28.0,20.0,,RECTANGULAR KRAFT BOWL 1X300X500ML
PACKING,Containers,8002920,RECTANGULAR KRAFT BOWL CLEAR LIDS 1X300NO'SX500-750-1000ML,nos,21.0,20.0,,RECTANGULAR KRAFT BOWL CLEAR LIDS 1X300NO'SX500-750-1000ML
PACKING,Containers,8002940,250ML CLEAR ROUND JUICE BOTTLE (34MM NECK)1X10EACH,nos,4.2,20.0,,250ML CLEAR ROUND JUICE BOTTLE (34MM NECK)1X10EACH
PACKING,Containers,8002941,250ML CLEAR ROUND JUICE BOTTLE LID (34MM NECK)1X1EACH,nos,1.2,20.0,,250ML CLEAR ROUND JUICE BOTTLE LID (34MM NECK)1X1EACH
PACKING,Containers,8002942,1oz HINGED SAUCE CUPS -1X1000S (56ML),nos,17.49,20.0,,1oz HINGED SAUCE CUPS -1X1000S (56ML)
PACKING,Containers,8002946,PAPER STRAWS 0.8X20CM STRAIGHT WITH RED STRIPE1X200S,nos,2.99,20.0,,PAPER STRAWS 0.8X20CM STRAIGHT WITH RED STRIPE1X200S
PACKING,Containers,80021031,PLAIN WHITE VEST CARRIER (M)11X17X21'' ( 1X1000S),NOS,16.35,20.0,,PLAIN WHITE VEST CARRIER (M)11X17X21'' ( 1X1000S)
PACKING,Containers,80021367,NO:6A ALUMINIUM FOIL CONTAINER LIDS 1X500S,NOS,15.49,20.0,,NO:6A ALUMINIUM FOIL CONTAINER LIDS 1X500S
PACKING,Containers,80021368,"NO 6A ALUMINIUM FOIL CONTAINERS (7""x4""x2"") 1x500S",NOS,30.49,20.0,,"NO 6A ALUMINIUM FOIL CONTAINERS (7""x4""x2"") 1x500S"
PACKING,Containers,80021502,ALUMINIUM CONTAINER LIDS NO:2 1X000s,nos,20.99,20.0,,ALUMINIUM CONTAINER LIDS NO:2 1X000s
PACKING,Containers,80021503,ALUMINIUM CONTAINER NO:2 1X000s,nos,39.87,20.0,,ALUMINIUM CONTAINER NO:2 1X000s
PACKING,Containers,80021562,PREEMA- CLEAR COMPACTOR SACKS BIN BAG( 20X34X47'')1X100S,item,19.89,20.0,,PREEMA- CLEAR COMPACTOR SACKS BIN BAG( 20X34X47'')1X100S
PICKLES,,80021467,LARISSA -BLACK PITTED OLIVES 1X935G,g,3.1,0.0,,LARISSA -BLACK PITTED OLIVES 1X935G
PICKLES,,80021468,LARISSA -GREEN PITTED OLIVES 1X935G,g,3.1,0.0,,LARISSA -GREEN PITTED OLIVES 1X935G
PICKLES,,80021487,EST-KADUMANGO PICKLE 1X400G,g,2.55,0.0,,EST-KADUMANGO PICKLE 1X400G
PICKLES,,80021505,MC-HOT AND SWEET LIME DATES PICKLE 1X400G,g,2.65,0.0,,MC-HOT AND SWEET LIME DATES PICKLE 1X400G
RICE,& CEREALS Rice,UFSTILDA,TILDA GRAND BASMATI RICE EXTRATILDA GRAND,kg,35.0,0.0,,TILDA GRAND BASMATI RICE EXTRATILDA GRAND
RICE,& CEREALS Rice,UFS85,PONNI BOILED RICE 1X10KG SHANKAR,kg,14.2,0.0,,PONNI BOILED RICE 1X10KG SHANKAR
RICE,& CEREALS Rice,UFS61,BANANA LEAF -1X500 G,kg,13.99,0.0,,BANANA LEAF -1X500 G
RICE,& CEREALS Rice,UFS60,MATTA RICE 10KG VISWAS,kg,12.99,0.0,,MATTA RICE 10KG VISWAS
RICE,& CEREALS Rice,UFSKAIMA,KAIMA RICE ( JEERAKASALA) 10KG,kg,33.99,0.0,,KAIMA RICE ( JEERAKASALA) 10KG
RICE,& CEREALS Rice,UFS7025,EASY COOK RICE 1X20KG TOLLY BOY,kg,31.99,0.0,,EASY COOK RICE 1X20KG TOLLY BOY
RICE,& CEREALS Rice,UFS7027,TRS-RICE GROUND 6X1.5KG,kg,17.88,0.0,,TRS-RICE GROUND 6X1.5KG
RICE,& CEREALS Rice,UFS7074,BROKEN BASMATHI RICE 1X20KG TILDA,kg,18.99,0.0,,BROKEN BASMATHI RICE 1X20KG TILDA
RICE,& CEREALS Rice,UFS7078,SHANKER RED RAW RICE 1X 5KG,item,7.75,0.0,,SHANKER RED RAW RICE 1X 5KG
RICE,& CEREALS Rice,UFS7096,BROKEN BASMATHI RICE 1X10KG TILDA,kg,11.99,0.0,,BROKEN BASMATHI RICE 1X10KG TILDA
RICE,& CEREALS Rice,8002339,T/S BASMATI RICE ( PRINCE OF RICETROPICAL SUN,kg,36.99,0.0,,T/S BASMATI RICE ( PRINCE OF RICETROPICAL SUN
RICE,& CEREALS Rice,8002378,TOLLY BOY LONG GRAIN RICE 1X20KG,kg,33.49,0.0,,TOLLY BOY LONG GRAIN RICE 1X20KG
RICE,& CEREALS Rice,8002390,VEETEE-BROKEN BASMATHI RICE 1X20KG,kg,17.99,0.0,,VEETEE-BROKEN BASMATHI RICE 1X20KG
RICE,& CEREALS Rice,8002495,T/S-LONG GRAIN EASY COOK RICE 1TROPICAL SUN,kg,28.99,0.0,,T/S-LONG GRAIN EASY COOK RICE 1TROPICAL SUN
RICE,& CEREALS Rice,8002519,T\/S GOLDEN SELLA BASMATHI 1X20KG,kg,36.99,0.0,,T\/S GOLDEN SELLA BASMATHI 1X20KG
RICE,& CEREALS Rice,8002520,T\\\/S GOLDEN SELLA BASMATHI 1X10KG,kg,20.99,0.0,,T\\\/S GOLDEN SELLA BASMATHI 1X10KG
RICE,& CEREALS Rice,8002529,KAIMA RICE ( JEERAKASALA) 1X5KG,kg,16.5,0.0,,KAIMA RICE ( JEERAKASALA) 1X5KG
RICE,& CEREALS Rice,8002679,DAAWAT EXTRA LONG BASMATI RICE 1X20KG,kg,36.99,0.0,,DAAWAT EXTRA LONG BASMATI RICE 1X20KG
RICE,& CEREALS Rice,8002680,DAAWAT EXTRA LONG BASMATI RICE 1X20KG WHEN YOU TAKE 6 BAG YOU,WILLkg,35.99,0.0,,DAAWAT EXTRA LONG BASMATI RICE 1X20KG WHEN YOU TAKE 6 BAG YOU
RICE,& CEREALS Rice,8002782,VEETEE MEGA EXTRA LONG BASMATI RICE 1X20KG,kg,35.99,0.0,,VEETEE MEGA EXTRA LONG BASMATI RICE 1X20KG
RICE,& CEREALS Rice,8002809,SONA MASOORI 1X5KG,kg,10.2,0.0,,SONA MASOORI 1X5KG
RICE,& CEREALS Rice,8002860,PUFFED RICE 1X400G,g,3.5,0.0,,PUFFED RICE 1X400G
RICE,& CEREALS Rice,80021095,KEERI SAMBA RICE 1X1KG,kg,2.2,0.0,,KEERI SAMBA RICE 1X1KG
RICE,& CEREALS Rice,80021362,MC-JAYA RICE4X5kg,kg,8.49,0.0,,MC-JAYA RICE4X5kg
RICE,& CEREALS Rice,80021529,IDLY RICE 1X20KG,kg,25.98,0.0,,IDLY RICE 1X20KG
RICE,& CEREALS Rice,80021551,TROPICAL SUN - BULGUR WHEAT 1 X 1.5KG,kg,3.67,0.0,,TROPICAL SUN - BULGUR WHEAT 1 X 1.5KG
SPICES,Spices,Ufspeacock,MDH- KASOORI METHI 1X1KG,kg,12.49,0.0,,MDH- KASOORI METHI 1X1KG
SPICES,Spices,UFS346,WHOLE JEERA ( CUMIN SEEDS) 700G,g,4.49,0.0,,WHOLE JEERA ( CUMIN SEEDS) 700G
SPICES,Spices,UFSCORIS,TRS -CORIANDER SEEDS 1X3KG,kg,16.99,0.0,,TRS -CORIANDER SEEDS 1X3KG
SPICES,Spices,UFS381,CORIANDER SEEDS 700G,g,3.49,0.0,,CORIANDER SEEDS 700G
SPICES,Spices,UFS356,MUSTARD SEEDS 1KG,kg,3.1,0.0,,MUSTARD SEEDS 1KG
SPICES,Spices,UFS383,WHOLE BLACK PEPPER 1x1KG,kg,14.99,0.0,,WHOLE BLACK PEPPER 1x1KG
SPICES,Spices,UFS379,BLACK PEPPER COARSE 1X1KG,kg,11.99,0.0,,BLACK PEPPER COARSE 1X1KG
SPICES,Spices,UFS46,MC-GREEN CARDAMOM 80G,g,4.35,0.0,,MC-GREEN CARDAMOM 80G
SPICES,Spices,UFS39,NIRU-DRY RED CHILLI WHOLE 1X 1KG,kg,9.89,0.0,,NIRU-DRY RED CHILLI WHOLE 1X 1KG
SPICES,Spices,UFS370,TRS-CLOVES 800G,g,16.99,0.0,,TRS-CLOVES 800G
SPICES,Spices,UFS47,KASHMIR! CHILLI WHOLE 35X100G,g,59.15,0.0,,KASHMIR! CHILLI WHOLE 35X100G
SPICES,Spices,UFS334,HEERA CRUSHED CHILLI1X700GM,g,5.76,0.0,,HEERA CRUSHED CHILLI1X700GM
SPICES,Spices,UFS343,CINNAMON STICKS 1X50G,g,1.99,0.0,,CINNAMON STICKS 1X50G
SPICES,Spices,UFS378,HEERA-BLACK PEPPER CROSS 1KG,kg,11.53,0.0,,HEERA-BLACK PEPPER CROSS 1KG
SPICES,Spices,UFS7009,TRS- TAMARIND (IMILI) INDIA 50X200G,g,36.25,0.0,,TRS- TAMARIND (IMILI) INDIA 50X200G
SPICES,Spices,UFS7010,TRS- TAMARIND (IMILI) INDIA 10X200G,g,7.54,0.0,,TRS- TAMARIND (IMILI) INDIA 10X200G
SPICES,Spices,UFS7021,MDH-GARAM MASALA 1X500G,g,7.59,0.0,,MDH-GARAM MASALA 1X500G
SPICES,Spices,UFS7051,TRS GARAM MASALA 1X5KG,kg,33.89,0.0,,TRS GARAM MASALA 1X5KG
SPICES,Spices,UFS7052,TRS-JEERA WHOLE (CUMIN)1X4KG,kg,32.49,0.0,,TRS-JEERA WHOLE (CUMIN)1X4KG
SPICES,Spices,UFS7053,SK-FENNEL SEED 1X750G,g,5.99,0.0,,SK-FENNEL SEED 1X750G
SPICES,Spices,UFS7057,COLMANS ENGLISH MUSTARD 1X2.25LTR,kg,34.29,0.0,,COLMANS ENGLISH MUSTARD 1X2.25LTR
SPICES,Spices,UFS7058,COLMAN WHOLEGRAIN MUSTARD 2X2.2Ltr,kg,18.69,0.0,,COLMAN WHOLEGRAIN MUSTARD 2X2.2Ltr
SPICES,Spices,UFS7062,HEERA-GREEN CARDAMOM1X700G,g,31.99,0.0,,HEERA-GREEN CARDAMOM1X700G
SPICES,Spices,UFS7075,HEERA-CINNAMON STICK 1X1.5KG,kg,10.75,0.0,,HEERA-CINNAMON STICK 1X1.5KG
SPICES,Spices,UFS7090,HEERA MACE {JAVANDRY}1x50G,item,2.85,0.0,,HEERA MACE {JAVANDRY}1x50G
SPICES,Spices,UFS7091,TRS- TAMARIND (IMILI) WET THAI 10X400G,g,9.99,0.0,,TRS- TAMARIND (IMILI) WET THAI 10X400G
SPICES,Spices,UFS7093,SHAN GARAM MASALA ZAFRANI 12X50G,item,14.1,0.0,,SHAN GARAM MASALA ZAFRANI 12X50G
SPICES,Spices,UFS7119,TRS CRUSHED CHILLIES 1X3KG,kg,21.99,0.0,,TRS CRUSHED CHILLIES 1X3KG
SPICES,Spices,UFS7127,HEERA - KASHMIRI RED CHILLI WHOLE 1X200G,g,4.8,0.0,,HEERA - KASHMIRI RED CHILLI WHOLE 1X200G
SPICES,Spices,UFS7132,HEERA PUNCHPURAN 1X800G,item,8.75,0.0,,HEERA PUNCHPURAN 1X800G
SPICES,Spices,UFS7134,SKN- JEERA WHOLE (CUMIN SEEDS 1x750G),g,5.2,0.0,,SKN- JEERA WHOLE (CUMIN SEEDS 1x750G)
SPICES,Spices,UFS7135,STAR ANISEED 1X500G,g,10.99,0.0,,STAR ANISEED 1X500G
SPICES,Spices,UFS7136,HEERA BLACK SESAME SEEDS 10X400G,item,29.29,0.0,,HEERA BLACK SESAME SEEDS 10X400G
SPICES,Spices,UFS7198,RED PEPPER 1x5 KG,item,17.99,0.0,,RED PEPPER 1x5 KG
SPICES,Spices,UFS7199,GREEN PEPPER 1x5 KG,item,12.49,0.0,,GREEN PEPPER 1x5 KG
SPICES,Spices,8002437,BLACK PEPPERCORN CRACKED 1X38SCHWARTZ,g,5.99,0.0,,BLACK PEPPERCORN CRACKED 1X38SCHWARTZ
SPICES,Spices,8002471,LEMON RICE POWDER 1X200G,g,2.1,0.0,,LEMON RICE POWDER 1X200G
SPICES,Spices,8002536,TRS POPPY SEEDS WHITE 20X100G,NOS,19.99,0.0,,TRS POPPY SEEDS WHITE 20X100G
SPICES,Spices,8002537,AJWAIN 1X700GM,kg,5.35,0.0,,AJWAIN 1X700GM
SPICES,Spices,8002552,BLACK CARDAMOM 1x200gm,g,6.95,0.0,,BLACK CARDAMOM 1x200gm
SPICES,Spices,8002553,VIS- MUSTARD SEEDS ( BLACK ) 1X200G,g,1.29,0.0,,VIS- MUSTARD SEEDS ( BLACK ) 1X200G
SPICES,Spices,8002572,JCR MIXED GARAM MASALA WHOLE 20X100G,g,32.49,0.0,,JCR MIXED GARAM MASALA WHOLE 20X100G
SPICES,Spices,8002573,JCR MIXED GARAM MASALA WHOLE 1X100G,item,1.75,0.0,,JCR MIXED GARAM MASALA WHOLE 1X100G
SPICES,Spices,8002633,CUMIN ( SHAHI -KALA JEERA)1X300GM,g,4.76,0.0,,CUMIN ( SHAHI -KALA JEERA)1X300GM
SPICES,Spices,8002651,DAGARFUL 1X100G,g,2.69,0.0,,DAGARFUL 1X100G
SPICES,Spices,8002659,HEERA MACE {JAVANDRY}1x400g,g,19.46,0.0,,HEERA MACE {JAVANDRY}1x400g
SPICES,Spices,8002663,HEERA CLOVES WHOLE 1X700G,g,12.86,0.0,,HEERA CLOVES WHOLE 1X700G
SPICES,Spices,8002664,HEERA RED CHILLI WHOLE 1X1KG,kg,8.89,0.0,,HEERA RED CHILLI WHOLE 1X1KG
SPICES,Spices,8002665,NIRU DRY RED CHILLI WHOLE 1X500G,g,5.5,0.0,,NIRU DRY RED CHILLI WHOLE 1X500G
SPICES,Spices,8002741,HEERA CORIANDER SEEDS 1X3.5KG,kg,17.99,0.0,,HEERA CORIANDER SEEDS 1X3.5KG
SPICES,Spices,8002774,HEERA BLACK PEPPER WHOLE 1X700G,g,7.89,0.0,,HEERA BLACK PEPPER WHOLE 1X700G
SPICES,Spices,8002865,SKR - RED CHILLIESWHOLE WITH STEMP 1X200G,g,3.85,0.0,,SKR - RED CHILLIESWHOLE WITH STEMP 1X200G
SPICES,Spices,8002875,AJWAN 1X300G,g,1.99,0.0,,AJWAN 1X300G
SPICES,Spices,8002877,YELLOW PEPPER 1X1KG,kg,2.3,0.0,,YELLOW PEPPER 1X1KG
SPICES,Spices,8002892,HEERA ROUND RED CHILLI ( GUNDU MULAKU )1X200G,g,4.25,0.0,,HEERA ROUND RED CHILLI ( GUNDU MULAKU )1X200G
SPICES,Spices,80021221,TRS- GREEN CARDAMOM 1X750G,g,34.2,0.0,,TRS- GREEN CARDAMOM 1X750G
SPICES,Spices,80021451,HEERA -BLACK PEPPER 6X700G,g,42.6,0.0,,HEERA -BLACK PEPPER 6X700G
SPICES,Spices,80021452,MUSTARD SEEDS 6X1KG,kg,18.19,0.0,,MUSTARD SEEDS 6X1KG
SPICES,Spices,80021453,HEERA -CUMIN SEED6X700G,g,30.72,0.0,,HEERA -CUMIN SEED6X700G
SPICES,Spices,80021454,BASIL SEEDS (TUKMARIA ) 20X100G,g,18.88,0.0,,BASIL SEEDS (TUKMARIA ) 20X100G
SPICES,Spices,80021466,S-KRISHNA- CUMIN SEEDS WHOLE 6X750G,g,31.89,0.0,,S-KRISHNA- CUMIN SEEDS WHOLE 6X750G
SPICES,Spices,80021491,SK-BAY LEAVS 1X20G,g,0.84,0.0,,SK-BAY LEAVS 1X20G
SPICES,Spice Powder,UFS332,HEERA TURMERIC POWDER 1X1KG,kg,3.89,0.0,,HEERA TURMERIC POWDER 1X1KG
SPICES,Spice Powder,UFS236,HEERA HEERA KASHMIRI CHILLI POWDER 1X1KG,kg,11.75,0.0,,HEERA HEERA KASHMIRI CHILLI POWDER 1X1KG
SPICES,Spice Powder,UFS7034,FUDCO KASHMIRI CHILLI POWDER ( mild) 1X700g,g,10.75,0.0,,FUDCO KASHMIRI CHILLI POWDER ( mild) 1X700g
SPICES,Spice Powder,UFS7049,TRS CORIANDER POWDER 1X5KG,kg,18.89,0.0,,TRS CORIANDER POWDER 1X5KG
SPICES,Spice Powder,UFS7050,TRS-CHILLI POWDER 1X5KG,item,33.99,0.0,,TRS-CHILLI POWDER 1X5KG
SPICES,Spice Powder,UFS7067,TRS-TURMERIC POWDER 1X5KG,kg,21.99,0.0,,TRS-TURMERIC POWDER 1X5KG
SPICES,Spice Powder,UFS7082,WHITE PEPPER POWDER 20X100G,item,26.6,0.0,,WHITE PEPPER POWDER 20X100G
SPICES,Spice Powder,UFS7088,BLACK PEPPER POWDER 1X1KG,item,10.42,0.0,,BLACK PEPPER POWDER 1X1KG
SPICES,Spice Powder,UFS7117,BANYAN TREE -KASHMIRI CHILLI POWDER 1X500G,g,6.99,0.0,,BANYAN TREE -KASHMIRI CHILLI POWDER 1X500G
SPICES,Spice Powder,UFS7126,KASHMIRI CHILLI POWDER1X500G,item,7.45,0.0,,KASHMIRI CHILLI POWDER1X500G
SPICES,Spice Powder,UFS7131,HEERA CUMIN POWDER 1X1KG,kg,8.81,0.0,,HEERA CUMIN POWDER 1X1KG
SPICES,Spice Powder,8002368,AL NOOR- DEGGI MIRCHI POWDER 1X450G,g,7.49,0.0,,AL NOOR- DEGGI MIRCHI POWDER 1X450G
SPICES,Spice Powder,8002388,SHAN- GARAM MASALA ZAFRANI 12X50g,g,14.1,0.0,,SHAN- GARAM MASALA ZAFRANI 12X50g
SPICES,Spice Powder,8002416,TRS CORIANDER POWDER 1X1KG,kg,3.99,0.0,,TRS CORIANDER POWDER 1X1KG
SPICES,Spice Powder,8002427,MADRAS CURRY POWDER 1X2KG,kg,8.89,0.0,,MADRAS CURRY POWDER 1X2KG
SPICES,Spice Powder,8002440,EAST-BIRIYANY MASALA 12X100G EASTRN,g,23.55,0.0,,EAST-BIRIYANY MASALA 12X100G EASTRN
SPICES,Spice Powder,8002441,EAST-BIRIYANY MASALA 1X100G EASTRN,item,1.99,0.0,,EAST-BIRIYANY MASALA 1X100G EASTRN
SPICES,Spice Powder,8002446,SHAN BIRIYANI MASALA 12X50G,g,14.99,0.0,,SHAN BIRIYANI MASALA 12X50G
SPICES,Spice Powder,8002448,MDH CHANA MASALA 1X500GM,g,6.59,0.0,,MDH CHANA MASALA 1X500GM
SPICES,Spice Powder,8002449,MDH-CHUNKY CHAT MASALA 1X500G,g,6.99,0.0,,MDH-CHUNKY CHAT MASALA 1X500G
SPICES,Spice Powder,8002466,TRS- MADRAS CURRY POWDER 1X5KG,kg,22.87,0.0,,TRS- MADRAS CURRY POWDER 1X5KG
SPICES,Spice Powder,8002474,EST- RASAM POWDER 12X165G EASTERN,g,24.89,1.0,,EST- RASAM POWDER 12X165G EASTERN
SPICES,Spice Powder,8002475,EST- RASAM POWDER 1X165G EASTERN,g,2.2,1.0,,EST- RASAM POWDER 1X165G EASTERN
SPICES,Spice Powder,8002483,EST-CORIANDER POWDER 1X1KG EASTERN,g,7.13,0.0,,EST-CORIANDER POWDER 1X1KG EASTERN
SPICES,Spice Powder,8002506,EST.CHICKEN MASALA 12x160G EASTERN,g,26.99,0.0,,EST.CHICKEN MASALA 12x160G EASTERN
SPICES,Spice Powder,8002507,EST.CHICKEN MASALA 1x160G EASTERN,g,2.24,0.0,,EST.CHICKEN MASALA 1x160G EASTERN
SPICES,Spice Powder,8002508,EAS- VEG MASALA 12X160 G EASTRN,g,25.99,0.0,,EAS- VEG MASALA 12X160 G EASTRN
SPICES,Spice Powder,8002509,EAS- VEG MASALA 1X160 G EASTRN,g,2.16,0.0,,EAS- VEG MASALA 1X160 G EASTRN
SPICES,Spice Powder,8002521,SHAN MEAT MASALA1X100G,g,2.35,0.0,,SHAN MEAT MASALA1X100G
SPICES,Spice Powder,8002522,SHAN MEAT MASALA10X100G,g,21.99,0.0,,SHAN MEAT MASALA10X100G
SPICES,Spice Powder,8002543,EASTERN- FISH MASALA 165G X12,g,26.99,0.0,,EASTERN- FISH MASALA 165G X12
SPICES,Spice Powder,8002544,EASTERN- FISH MASALA 1X165G,g,2.24,0.0,,EASTERN- FISH MASALA 1X165G
SPICES,Spice Powder,8002590,MDH-JAL JEERA MASALA 1X100G,g,1.35,0.0,,MDH-JAL JEERA MASALA 1X100G
SPICES,Spice Powder,8002591,HEERA -PLAIN CHILLI POWDER 1X1KG,kg,6.79,0.0,,HEERA -PLAIN CHILLI POWDER 1X1KG
SPICES,Spice Powder,8002600,PAPARIKA POWDER 1X1KG,kg,5.39,0.0,,PAPARIKA POWDER 1X1KG
SPICES,Spice Powder,8002622,GINGER POWDER 1X400G,g,3.15,0.0,,GINGER POWDER 1X400G
SPICES,Spice Powder,8002643,MDH-PAV BAJI MASALA 1X100G,g,1.75,0.0,,MDH-PAV BAJI MASALA 1X100G
SPICES,Spice Powder,8002644,MDH -GARAM MASALA 1X100G,g,1.65,0.0,,MDH -GARAM MASALA 1X100G
SPICES,Spice Powder,8002645,VIS-BIRIYANI MASALA 1X100G,g,1.97,0.0,,VIS-BIRIYANI MASALA 1X100G
SPICES,Spice Powder,8002646,SHAN -TANDOORI MASALA 1X50G,g,1.45,0.0,,SHAN -TANDOORI MASALA 1X50G
SPICES,Spice Powder,8002650,CUMIM ( SHAHI /KALA JEERA )1X300g,g,4.76,0.0,,CUMIM ( SHAHI /KALA JEERA )1X300g
SPICES,Spice Powder,8002662,HEERA CORIANDER POWDER 1X1KG,kg,3.99,0.0,,HEERA CORIANDER POWDER 1X1KG
SPICES,Spice Powder,8002750,SHAN-MEAT MASALA 12X100G,g,14.45,0.0,,SHAN-MEAT MASALA 12X100G
SPICES,Spice Powder,8002751,SHAN-MEAT MASALA 1X100G,g,1.3,0.0,,SHAN-MEAT MASALA 1X100G
SPICES,Spice Powder,8002763,TRS-GARLIC POWDER1X400G,g,2.99,0.0,,TRS-GARLIC POWDER1X400G
SPICES,Spice Powder,8002808,SHAN-MEAT TENDERIZER 1X40G,g,1.45,0.0,,SHAN-MEAT TENDERIZER 1X40G
SPICES,Spice Powder,8002817,TRS -GARAM MASALA 1X1KG,kg,8.25,0.0,,TRS -GARAM MASALA 1X1KG
SPICES,Spice Powder,8002824,SAKTHI SAMBR POWDER 6X200G,g,11.88,0.0,,SAKTHI SAMBR POWDER 6X200G
SPICES,Spice Powder,8002866,TOP OP - TURMERIC POWDER 1X1KG,kg,4.15,0.0,,TOP OP - TURMERIC POWDER 1X1KG
SPICES,Spice Powder,80021449,MDH- CHANA MASALA10X100G,g,13.49,0.0,,MDH- CHANA MASALA10X100G
SPICES,Spice Powder,80021450,MDH-CHUNKY CHAT MASALA 10X100G,g,12.75,0.0,,MDH-CHUNKY CHAT MASALA 10X100G
SPICES,Spice Powder,80021455,SAKTHI-SAMBAR POWDER1X200G,g,2.14,0.0,,SAKTHI-SAMBAR POWDER1X200G
SPICES,Spice Powder,80021493,MDH-DEGGI MIRCHI 1X500G,g,7.8,0.0,,MDH-DEGGI MIRCHI 1X500G
SPICES,Spice Powder,80021513,EST-SAMBAR POWDER 1X160G,g,2.28,0.0,,EST-SAMBAR POWDER 1X160G
SPICES,Spice Powder,80021514,EST-SAMBAR POWDER 6X160G,g,13.5,0.0,,EST-SAMBAR POWDER 6X160G
SPICES,Spice Powder,80021516,LG ASAFOETTIDA 1X100G,g,2.35,0.0,,LG ASAFOETTIDA 1X100G
TEA BAGS,,8002848,YORKSHIRE TEA BAG1X240S DAAWAT EXTRA LONG RICE 1X20KG,NOS,7.49,0.0,,YORKSHIRE TEA BAG1X240S DAAWAT EXTRA LONG RICE 1X20KG
TEA BAGS,,8002857,YORKSHIRE TEA BAG1X240S,NOS,7.49,0.0,,YORKSHIRE TEA BAG1X240S
TEA BAGS,,80021420,YORKSHIRE TEA BAG1X80S,NOS,3.49,0.0,,YORKSHIRE TEA BAG1X80S
VEGETABLES,Vegitables,UFS363,GARLIC PEELED 1KG,kg,3.65,0.0,,GARLIC PEELED 1KG
VEGETABLES,Vegitables,UFS32,MC- KUDAMPULI (GORAKKA )1X200G,g,2.24,0.0,,MC- KUDAMPULI (GORAKKA )1X200G
VEGETABLES,Vegitables,UFS218,FRESH GINGER 1x10kg,kg,20.99,0.0,,FRESH GINGER 1x10kg
VEGETABLES,Vegitables,UFSREDO,RED ONION 1X9KG,kg,8.99,0.0,,RED ONION 1X9KG
VEGETABLES,Vegitables,UFS353,GREEN MANGO 1KG,kg,6.5,0.0,,GREEN MANGO 1KG
VEGETABLES,Vegitables,UFS396,GREEN PLANTAIN 22.7KG,kg,38.99,0.0,,GREEN PLANTAIN 22.7KG
VEGETABLES,Vegitables,UFS352,RED PEELED POTATO 1KG,kg,1.85,0.0,,RED PEELED POTATO 1KG
VEGETABLES,Vegitables,UFS365,SPANISH ONION 1X20KG BAG,kg,22.49,0.0,,SPANISH ONION 1X20KG BAG
VEGETABLES,Vegitables,UFS391,THAI SHALLOTS( SMALL RED ONION ) 1KG,kg,6.59,0.0,,THAI SHALLOTS( SMALL RED ONION ) 1KG
VEGETABLES,Vegitables,UFS393,SLICED ONION 1KG,kg,1.99,0.0,,SLICED ONION 1KG
VEGETABLES,Vegitables,UFS,394 DICED ONION 1KG,kg,1.99,0.0,,394 DICED ONION 1KG
VEGETABLES,Vegitables,UFS395,RED ONION SLICED 1KG,kg,1.95,0.0,,RED ONION SLICED 1KG
VEGETABLES,Vegitables,UFSJACK,YELLOW JACKFRUIT IN SRUP 565G X 12,g,16.99,0.0,,YELLOW JACKFRUIT IN SRUP 565G X 12
VEGETABLES,Vegitables,UFSVINETOM,VINE TOMATOES 5KG,kg,14.99,0.0,,VINE TOMATOES 5KG
VEGETABLES,Vegitables,UFSCAULI,CAULIFLOWER 1X1 EACH,NOS,1.75,0.0,,CAULIFLOWER 1X1 EACH
VEGETABLES,Vegitables,UFSSWEET,FRESH RED SWEET POTATO 10KG,kg,23.49,0.0,,FRESH RED SWEET POTATO 10KG
VEGETABLES,Vegitables,UFS7004,BROKEN WHEAT 1x1KG,kg,3.44,0.0,,BROKEN WHEAT 1x1KG
VEGETABLES,Vegitables,UFS7036,PLUM TOMATOES 6X2.5KG,item,21.99,0.0,,PLUM TOMATOES 6X2.5KG
VEGETABLES,Vegitables,UFS7037,JS-CHICK PEAS WHITE 2.5kg X6,item,18.49,0.0,,JS-CHICK PEAS WHITE 2.5kg X6
VEGETABLES,Vegitables,UFS7038,FLASH ALL PURP LEMON 2X 5L,item,28.99,0.0,,FLASH ALL PURP LEMON 2X 5L
VEGETABLES,Vegitables,UFS7042,CARROTS( NET BAG ) 1X10KG,kg,7.99,0.0,,CARROTS( NET BAG ) 1X10KG
VEGETABLES,Vegitables,UFS7043,RED POTATO 1X25KG,kg,18.99,0.0,,RED POTATO 1X25KG
VEGETABLES,Vegitables,UFS7044,MOOLI LARGE1X1BOX,BOX,11.5,0.0,,MOOLI LARGE1X1BOX
VEGETABLES,Vegitables,UFS7097,FROZEN -CUT BEANS 12x907G,g,14.99,0.0,,FROZEN -CUT BEANS 12x907G
VEGETABLES,Vegitables,UFS7110,GREEN CHILLI BIRD EYE 1X1KG,kg,6.49,0.0,,GREEN CHILLI BIRD EYE 1X1KG
VEGETABLES,Vegitables,UFS7147,TOMATOES LOOSE 1X6KG,BOX,9.98,0.0,,TOMATOES LOOSE 1X6KG
VEGETABLES,Vegitables,UFS7148,VINE TOMATOES 1X5KG,kg,12.99,0.0,,VINE TOMATOES 1X5KG
VEGETABLES,Vegitables,UFS7166,GREEN CHILLI INDIA 1x3 KG,kg,16.99,0.0,,GREEN CHILLI INDIA 1x3 KG
VEGETABLES,Vegitables,UFS7167,GREEN CHILLI BIRDS EYE 1x3KG,kg,13.99,0.0,,GREEN CHILLI BIRDS EYE 1x3KG
VEGETABLES,Vegitables,UFS7168,BANANA CHILLI 1x3KG,kg,9.75,0.0,,BANANA CHILLI 1x3KG
VEGETABLES,Vegitables,UFS7172,TOMATOES LOOSE-1x6 KG,kg,12.99,0.0,,TOMATOES LOOSE-1x6 KG
VEGETABLES,Vegitables,UFS7173,PEELED GARLIC PACKET 1x1 KG,g,4.3,0.0,,PEELED GARLIC PACKET 1x1 KG
VEGETABLES,Vegitables,UFS7174,FRESH Ginger 1x1 KG,kg,2.99,0.0,,FRESH Ginger 1x1 KG
VEGETABLES,Vegitables,UFS7178,LIME 1x1 EACH,NOS,0.2,0.0,,LIME 1x1 EACH
VEGETABLES,Vegitables,UFS7179,LIME 1x48 EACH,BOX,9.0,0.0,,LIME 1x48 EACH
VEGETABLES,Vegitables,UFS7180,LEMON 1x90 EACH,BOX,20.99,0.0,,LEMON 1x90 EACH
VEGETABLES,Vegitables,UFS7181,LEMON 1x1 EACH,NOS,0.3,0.0,,LEMON 1x1 EACH
VEGETABLES,Vegitables,UFS7182,CARROT 1x1 KG,kg,0.89,0.0,,CARROT 1x1 KG
VEGETABLES,Vegitables,UFS7183,BEETROOT 1x1KG,kg,1.5,0.0,,BEETROOT 1x1KG
VEGETABLES,Vegitables,UFS7188,OYSTER MUSHROOM 1x1.5 KG,item,9.99,0.0,,OYSTER MUSHROOM 1x1.5 KG
VEGETABLES,Vegitables,UFS7189,SPRING ONION 1x12 BUNCH,pac,6.5,0.0,,SPRING ONION 1x12 BUNCH
VEGETABLES,Vegitables,UFS7190,SPRING ONION 1x1 BUNCH,SET,0.66,0.0,,SPRING ONION 1x1 BUNCH
VEGETABLES,Vegitables,UFS7191,RED ONION 1x9 KG,kg,9.5,0.0,,RED ONION 1x9 KG
VEGETABLES,Vegitables,UFS7192,THAI SHALLOT 1x1 KG,kg,6.59,0.0,,THAI SHALLOT 1x1 KG
VEGETABLES,Vegitables,UFS7193,WHITE CABBAGE 1x1 KG,kg,0.85,0.0,,WHITE CABBAGE 1x1 KG
VEGETABLES,Vegitables,UFS7194,SPRING GREEN CABBAGE 1x 4.5KG BOX,BOX,13.0,0.0,,SPRING GREEN CABBAGE 1x 4.5KG BOX
VEGETABLES,Vegitables,UFS7195,HISPI CABBAGE 1x1 EACH,NOS,1.59,0.0,,HISPI CABBAGE 1x1 EACH
VEGETABLES,Vegitables,UFS7197,CHERRY TOMATO LOOSE 1x1 KG,kg,3.42,0.0,,CHERRY TOMATO LOOSE 1x1 KG
VEGETABLES,Vegitables,8002375,GREEN PAPAYA 1X1KG,kg,7.5,0.0,,GREEN PAPAYA 1X1KG
VEGETABLES,Vegitables,8002377,FRESH - BUTTERNUT SQUASH 1X1EACH,NOS,2.1,0.0,,FRESH - BUTTERNUT SQUASH 1X1EACH
VEGETABLES,Vegitables,8002380,MOOLI LARGE 1X1EACH,NOS,1.1,0.0,,MOOLI LARGE 1X1EACH
VEGETABLES,Vegitables,8002406,OKRA 1X4KG,kg,24.99,0.0,,OKRA 1X4KG
VEGETABLES,Vegitables,8002414,CHERRY TOMATO 1X250G,g,0.9,0.0,,CHERRY TOMATO 1X250G
VEGETABLES,Vegitables,8002438,CUCUMBER 1X1EACH,NOS,1.25,0.0,,CUCUMBER 1X1EACH
VEGETABLES,Vegitables,8002444,MUSHROOM BUTTONS 1X2.5KG,kg,7.5,0.0,,MUSHROOM BUTTONS 1X2.5KG
VEGETABLES,Vegitables,8002478,YOUNG GREEN PEPPERCORN 1X100G,g,4.99,0.0,,YOUNG GREEN PEPPERCORN 1X100G
VEGETABLES,Vegitables,8002479,GREEN PLANTAIN- 1X1 KG,kg,2.89,0.0,,GREEN PLANTAIN- 1X1 KG
VEGETABLES,Vegitables,8002480,Indian lime 1x15each (yellow limes ),PKT,2.59,0.0,,Indian lime 1x15each (yellow limes )
VEGETABLES,Vegitables,8002491,FRESH BROCCOLI 1X1KG,kg,3.25,0.0,,FRESH BROCCOLI 1X1KG
VEGETABLES,Vegitables,8002496,CHESTNUT MUSHROOM 1X2.5KG,kg,9.75,0.0,,CHESTNUT MUSHROOM 1X2.5KG
VEGETABLES,Vegitables,8002498,VEG-GALANGAL 1X100G,g,2.1,0.0,,VEG-GALANGAL 1X100G
VEGETABLES,Vegitables,8002499,VEG-GALANGAL 1X1KG,kg,18.0,0.0,,VEG-GALANGAL 1X1KG
VEGETABLES,Vegitables,8002502,ASPARAGUS1X1EACH,NOS,2.3,0.0,,ASPARAGUS1X1EACH
VEGETABLES,Vegitables,8002532,BANANA SHALLOTS 1X4KG,kg,8.5,0.0,,BANANA SHALLOTS 1X4KG
VEGETABLES,Vegitables,8002561,BABY CORN BOX 12X80G,g,12.49,0.0,,BABY CORN BOX 12X80G
VEGETABLES,Vegitables,8002569,SWEDE 1X1KG,kg,1.65,0.0,,SWEDE 1X1KG
VEGETABLES,Vegitables,8002580,GREEN PEPPER 1X1KG,kg,3.99,0.0,,GREEN PEPPER 1X1KG
VEGETABLES,Vegitables,8002587,FINE BEANS 1X1.5KG,kg,10.99,0.0,,FINE BEANS 1X1.5KG
VEGETABLES,Vegitables,8002588,BABY POTATO 1X10KG,BOX,15.99,0.0,,BABY POTATO 1X10KG
VEGETABLES,Vegitables,8002603,RED CABBAGE 1x10kg,kg,8.99,0.0,,RED CABBAGE 1x10kg
VEGETABLES,Vegitables,8002604,RED CABBAGE 1x1kg,kg,1.55,0.0,,RED CABBAGE 1x1kg
VEGETABLES,Vegitables,8002605,YELLOW PUMKIN 1X1kg,kg,2.89,0.0,,YELLOW PUMKIN 1X1kg
VEGETABLES,Vegitables,8002634,POTATO 1X5KG,kg,5.75,0.0,,POTATO 1X5KG
VEGETABLES,Vegitables,8002641,ONION DUTCH 75-105 1X24KG,kg,12.35,0.0,,ONION DUTCH 75-105 1X24KG
VEGETABLES,Vegitables,8002652,FRESH- BEETROOT 1X10KG,kg,9.99,0.0,,FRESH- BEETROOT 1X10KG
VEGETABLES,Vegitables,8002653,WHITE CABBAGE 1X10KG,kg,8.99,0.0,,WHITE CABBAGE 1X10KG
VEGETABLES,Vegitables,8002688,BROCCOLI 1X4.5KG,kg,14.75,0.0,,BROCCOLI 1X4.5KG
VEGETABLES,Vegitables,8002759,BREADFRUIT 1X18 BOX EACH Breadfruit might change weight it,BOX,98.0,0.0,,BREADFRUIT 1X18 BOX EACH Breadfruit might change weight it
VEGETABLES,Vegitables,8002805,WHITE POTATO 1X25KG,kg,18.99,0.0,,WHITE POTATO 1X25KG
VEGETABLES,Vegitables,8002820,LONG DUTCH GREEN CHILLI 1X1 KG,kg,5.5,0.0,,LONG DUTCH GREEN CHILLI 1X1 KG
VEGETABLES,Vegitables,8002822,YELLOW CHERRY TOMATO -1X250G,g,1.45,0.0,,YELLOW CHERRY TOMATO -1X250G
VEGETABLES,Vegitables,8002838,INDIAN ONION 1X2KG,kg,2.99,0.0,,INDIAN ONION 1X2KG
VEGETABLES,Vegitables,8002840,LAUKI ( BOTTLE GOURD 1X1KG ),kg,4.89,0.0,,LAUKI ( BOTTLE GOURD 1X1KG )
VEGETABLES,Vegitables,8002841,LAUKI ( BOTTLE GOURD 1X4KG ),item,18.49,0.0,,LAUKI ( BOTTLE GOURD 1X4KG )
VEGETABLES,Vegitables,8002843,MATOKI ( GREEN BANANA )1X7KG,kg,25.89,0.0,,MATOKI ( GREEN BANANA )1X7KG
VEGETABLES,Vegitables,8002844,SPINACH LOOSE 1X1BOX,BOX,18.8,0.0,,SPINACH LOOSE 1X1BOX
VEGETABLES,Vegitables,8002893,TINDORA(TENDLI 1X4KG),kg,23.49,0.0,,TINDORA(TENDLI 1X4KG)
VEGETABLES,Vegitables,8002895,ONION WHITE- 1X10 KG,kg,4.49,0.0,,ONION WHITE- 1X10 KG
VEGETABLES,Vegitables,8002927,PINK RADISH 9 350gmTO400gm1X1 BUNCH,BNH,1.25,0.0,,PINK RADISH 9 350gmTO400gm1X1 BUNCH
VEGETABLES,Vegitables,8002928,ENOKI MUSHROOM 1X100G,g,0.85,0.0,,ENOKI MUSHROOM 1X100G
VEGETABLES,Vegitables,8002929,RED DUTCH CHILLI 1X1KG,kg,5.45,0.0,,RED DUTCH CHILLI 1X1KG
VEGETABLES,Vegitables,8002934,CAULIFLOWER 1X6 EACH BOX,BOX,9.99,0.0,,CAULIFLOWER 1X6 EACH BOX
VEGETABLES,Vegitables,80021207,RED PEPPER 1X1KG,kg,3.75,0.0,,RED PEPPER 1X1KG
VEGETABLES,Vegitables,80021469,SLICED ONION 1X1KG,kg,1.99,0.0,,SLICED ONION 1X1KG
VEGETABLES,Vegitables,80021488,WHITE DICED ONIN 1X1KG,kg,2.35,0.0,,WHITE DICED ONIN 1X1KG
VEGETABLES,Vegitables,80021496,BRAZIL GREEN MANGO 1XEACH BOX,BOX,8.5,0.0,,BRAZIL GREEN MANGO 1XEACH BOX
VEGETABLES,Vegitables,80021533,WHOLE GARLIC LOOSE 1X7KG BOX,kg,18.0,0.0,,WHOLE GARLIC LOOSE 1X7KG BOX
VEGETABLES,Fruits,UFS392,FRESH AUBERGINE BOX 5KG,kg,13.89,0.0,,FRESH AUBERGINE BOX 5KG
VEGETABLES,Fruits,UFS338,PINEAPPLE EACH BOX,NOS,15.99,0.0,,PINEAPPLE EACH BOX
VEGETABLES,Fruits,UFS371,GUAVA WHITE 1X2KG,kg,15.0,0.0,,GUAVA WHITE 1X2KG
VEGETABLES,Fruits,UFSBNUT,FRESH BUTTERNUT SQUASH,item,18.99,0.0,,FRESH BUTTERNUT SQUASH
VEGETABLES,Fruits,UFS7017,SWEET CORN ORGINAL TIN 340gX12,item,16.89,0.0,,SWEET CORN ORGINAL TIN 340gX12
VEGETABLES,Fruits,UFS7104,INDIAN GOOSEBERRY (AMLA )1X3KG,kg,25.4,0.0,,INDIAN GOOSEBERRY (AMLA )1X3KG
VEGETABLES,Fruits,UFS7163,GREEN GIANT SWEETCORN 12X340G,g,14.99,0.0,,GREEN GIANT SWEETCORN 12X340G
VEGETABLES,Fruits,UFS7200,PINEAPPLE 1x1 EACH,NOS,2.35,0.0,,PINEAPPLE 1x1 EACH
VEGETABLES,Fruits,8002482,WATER MELON 1X1EACH,NOS,4.99,0.0,,WATER MELON 1X1EACH
VEGETABLES,Fruits,8002497,FRESH FIGS 1X24EACH,kg,14.6,0.0,,FRESH FIGS 1X24EACH
VEGETABLES,Fruits,8002514,FRESH AVACADO 1X1EACH,NOS,1.2,0.0,,FRESH AVACADO 1X1EACH
VEGETABLES,Fruits,8002531,GALIA 1X1EACH,NOS,3.25,0.0,,GALIA 1X1EACH
VEGETABLES,Fruits,8002607,FRUIT-POMEGRANATE 1X1EACH,nos,1.75,0.0,,FRUIT-POMEGRANATE 1X1EACH
VEGETABLES,Fruits,8002608,RIPE BANANA LOOSE 1X1kg,kg,1.5,0.0,,RIPE BANANA LOOSE 1X1kg
VEGETABLES,Fruits,8002610,GREEN APPLE 1X1 EACH minimum order 6 nos,NOS,0.42,0.0,,GREEN APPLE 1X1 EACH minimum order 6 nos
VEGETABLES,Fruits,8002648,FRESH ORANGE -1X1EACH,NOS,0.39,0.0,,FRESH ORANGE -1X1EACH
VEGETABLES,Fruits,8002654,GALA APPLE 1X1BOX,BOX,15.79,0.0,,GALA APPLE 1X1BOX
VEGETABLES,Fruits,8002777,YELLOW MELON 1X1EACH,nos,2.99,0.0,,YELLOW MELON 1X1EACH
VEGETABLES,Fruits,8002807,PESSION FRUIT1X1EACH,nos,0.45,0.0,,PESSION FRUIT1X1EACH
VEGETABLES,Fruits,8002821,FRESH-STRAWBERRY 1X1KG,kg,8.25,0.0,,FRESH-STRAWBERRY 1X1KG
VEGETABLES,Fruits,8002868,Fruit - Grapefruit : Pink 1X1EACH,NOS,0.65,0.0,,Fruit - Grapefruit : Pink 1X1EACH
VEGETABLES,Leaves,UFSPADA,PANDA LEAVES 200G,g,3.25,0.0,,PANDA LEAVES 200G
VEGETABLES,Leaves,UFSCORI,FRESH CORIANDER LEAVES (20BUNCH),g,15.5,0.0,,FRESH CORIANDER LEAVES (20BUNCH)
VEGETABLES,Leaves,UFS361,CURRY LEAVES 1X50G,g,0.98,0.0,,CURRY LEAVES 1X50G
VEGETABLES,Leaves,UFSLGRASS,LEMON GRASS 12X80G,g,12.2,0.0,,LEMON GRASS 12X80G
VEGETABLES,Leaves,UFS7063,MDH PEACOCK METHI LEAVES 1X1KG,kg,12.49,0.0,,MDH PEACOCK METHI LEAVES 1X1KG
VEGETABLES,Leaves,UFS7077,TOP-OP BAY LEAVES 1X1KG,kg,12.78,0.0,,TOP-OP BAY LEAVES 1X1KG
VEGETABLES,Leaves,UFS7098,LEAF SPINACH BLOCK 4X2.5KG,item,15.1,0.0,,LEAF SPINACH BLOCK 4X2.5KG
VEGETABLES,Leaves,UFS7176,CORIANDER LEAVES 1x1 BUNCH,g,1.35,0.0,,CORIANDER LEAVES 1x1 BUNCH
VEGETABLES,Leaves,UFS7184,BANANA LEAF 1x1 KG,kg,14.9,0.0,,BANANA LEAF 1x1 KG
VEGETABLES,Leaves,UFS7185,LEMON GRASS 1x80 G,g,1.3,0.0,,LEMON GRASS 1x80 G
VEGETABLES,Leaves,UFS7186,PANDAN LEAF,item,4.99,0.0,,PANDAN LEAF
VEGETABLES,Leaves,UFS7196,LEEKS 1x4.5KG,kg,9.25,0.0,,LEEKS 1x4.5KG
VEGETABLES,Leaves,8002413,FRESH-DRUMSTICK LEAVES 1X200g,g,4.79,0.0,,FRESH-DRUMSTICK LEAVES 1X200g
VEGETABLES,Leaves,8002433,BABY SPINACH 1X200G,g,1.65,0.0,,BABY SPINACH 1X200G
VEGETABLES,Leaves,8002492,CHIVES 1X50G,g,1.25,0.0,,CHIVES 1X50G
VEGETABLES,Leaves,8002493,SHIITAKE MUSHROOM 1X1.5KG,kg,17.99,0.0,,SHIITAKE MUSHROOM 1X1.5KG
VEGETABLES,Leaves,8002515,ROCKET LEAVES 1X50G,g,1.6,0.0,,ROCKET LEAVES 1X50G
VEGETABLES,Leaves,8002570,CORIANDER CRESS ( MICRO ) 1X30G,g,2.65,0.0,,CORIANDER CRESS ( MICRO ) 1X30G
VEGETABLES,Leaves,8002571,MINI PLAIN PAPAD 1X200G,g,1.49,0.0,,MINI PLAIN PAPAD 1X200G
VEGETABLES,Leaves,8002578,BASIL LEAVES 1X50G EACH PA,PKT,1.49,0.0,,BASIL LEAVES 1X50G EACH PA
VEGETABLES,Leaves,8002770,RED MICRO AMARANTH 1X25G,g,2.69,0.0,,RED MICRO AMARANTH 1X25G
VEGETABLES,Leaves,8002771,PANSIES EDIBLE FLOWERSV1X6GM,g,2.69,0.0,,PANSIES EDIBLE FLOWERSV1X6GM
VEGETABLES,Leaves,8002779,CURRY KALE 1X250G,g,0.89,0.0,,CURRY KALE 1X250G
VEGETABLES,Leaves,8002783,CURRY LEAVES 20X50G,g,16.99,0.0,,CURRY LEAVES 20X50G
VEGETABLES,Leaves,8002786,MIXED BABY SALAD LEAVES 1X500G,g,5.49,0.0,,MIXED BABY SALAD LEAVES 1X500G
VEGETABLES,Leaves,8002831,BANANA LEAF1X500G,g,6.99,0.0,,BANANA LEAF1X500G
VEGETABLES,Leaves,8002834,BANANA LEAF LONG 1X1EACH,NOS,0.89,0.0,,BANANA LEAF LONG 1X1EACH
VEGETABLES,Leaves,8002869,Herbs - Fenugreek : Leaves (Kasoori Methi),g,0.89,0.0,,Herbs - Fenugreek : Leaves (Kasoori Methi)
VEGETABLES,Leaves,8002870,Herbs - Dill,g,1.2,0.0,,Herbs - Dill
VEGETABLES,Leaves,8002935,FRESH METHI LEAVES 1X20 BUCH,BNH,15.25,0.0,,FRESH METHI LEAVES 1X20 BUCH
VEGETABLES,Leaves,80021097,ICEBERG LETTUCE 1X1EACH,nos,1.25,0.0,,ICEBERG LETTUCE 1X1EACH
VEGETABLES,Leaves,80021534,FRESH MINT1X20BUNCH,BNH,16.49,0.0,,FRESH MINT1X20BUNCH
VEGETABLES,Dry Fruits,UFS7014,MADINAH KHUDRI DATES 12X450G,g,32.49,0.0,,MADINAH KHUDRI DATES 12X450G
VEGETABLES,Dry Fruits,8002417,DRIED CRANBERRIES 1X2KG,kg,18.99,0.0,,DRIED CRANBERRIES 1X2KG
VEGETABLES,Dry Fruits,8002481,MEDJOUL DATES 1X900g,g,9.49,0.0,,MEDJOUL DATES 1X900g
VEGETABLES,Dry Fruits,80021524,PITTED DATES12X250G,g,13.99,0.0,,PITTED DATES12X250G
WHOLE DALS AND SPLIT DALS,,8002933,BLACK EYE BEANS 1X2KG,kg,5.2,0.0,,BLACK EYE BEANS 1X2KG
